month,county,pid
2018-12-01,Anderson,2.0
2018-12-01,Andrews,0.0
2018-12-01,Angelina,6.0
2018-12-01,Aransas,2.0
2018-12-01,Archer,0.0
2018-12-01,Armstrong,0.0
2018-12-01,Atascosa,5.0
2018-12-01,Austin,2.0
2018-12-01,Bailey,1.0
2018-12-01,Bandera,1.0
2018-12-01,Bastrop,4.0
2018-12-01,Baylor,1.0
2018-12-01,Bee,0.0
2018-12-01,Bell,14.0
2018-12-01,Bexar,40.0
2018-12-01,Blanco,0.0
2018-12-01,Borden,0.0
2018-12-01,Bosque,2.0
2018-12-01,Bowie,7.0
2018-12-01,Brazoria,7.0
2018-12-01,Brazos,6.0
2018-12-01,Brewster,1.0
2018-12-01,Briscoe,0.0
2018-12-01,Brooks,1.0
2018-12-01,Brown,3.0
2018-12-01,Burleson,2.0
2018-12-01,Burnet,1.0
2018-12-01,Caldwell,3.0
2018-12-01,Calhoun,1.0
2018-12-01,Callahan,1.0
2018-12-01,Cameron,12.0
2018-12-01,Camp,2.0
2018-12-01,Carson,0.0
2018-12-01,Cass,2.0
2018-12-01,Castro,1.0
2018-12-01,Chambers,1.0
2018-12-01,Cherokee,6.0
2018-12-01,Childress,0.0
2018-12-01,Clay,0.0
2018-12-01,Cochran,0.0
2018-12-01,Coke,0.0
2018-12-01,Coleman,0.0
2018-12-01,Collin,21.0
2018-12-01,Collingsworth,0.0
2018-12-01,Colorado,2.0
2018-12-01,Comal,5.0
2018-12-01,Comanche,1.0
2018-12-01,Concho,0.0
2018-12-01,Cooke,5.0
2018-12-01,Coryell,3.0
2018-12-01,Cottle,0.0
2018-12-01,Crane,0.0
2018-12-01,Crockett,0.0
2018-12-01,Crosby,0.0
2018-12-01,Culberson,0.0
2018-12-01,Dallam,0.0
2018-12-01,Dallas,53.0
2018-12-01,Dawson,0.0
2018-12-01,Deaf Smith,0.0
2018-12-01,Delta,0.0
2018-12-01,Denton,15.0
2018-12-01,DeWitt,2.0
2018-12-01,Dickens,0.0
2018-12-01,Dimmit,2.0
2018-12-01,Donley,0.0
2018-12-01,Duval,1.0
2018-12-01,Eastland,2.0
2018-12-01,Ector,2.0
2018-12-01,Edwards,0.0
2018-12-01,Ellis,8.0
2018-12-01,El Paso,19.0
2018-12-01,Erath,2.0
2018-12-01,Falls,1.0
2018-12-01,Fannin,4.0
2018-12-01,Fayette,4.0
2018-12-01,Fisher,0.0
2018-12-01,Floyd,1.0
2018-12-01,Foard,0.0
2018-12-01,Fort Bend,15.0
2018-12-01,Franklin,0.0
2018-12-01,Freestone,2.0
2018-12-01,Frio,1.0
2018-12-01,Gaines,1.0
2018-12-01,Galveston,13.0
2018-12-01,Garza,0.0
2018-12-01,Gillespie,3.0
2018-12-01,Glasscock,0.0
2018-12-01,Goliad,0.0
2018-12-01,Gonzales,3.0
2018-12-01,Gray,1.0
2018-12-01,Grayson,10.0
2018-12-01,Gregg,9.0
2018-12-01,Grimes,3.0
2018-12-01,Guadalupe,4.0
2018-12-01,Hale,2.0
2018-12-01,Hall,0.0
2018-12-01,Hamilton,3.0
2018-12-01,Hansford,2.0
2018-12-01,Hardeman,0.0
2018-12-01,Hardin,5.0
2018-12-01,Harris,97.0
2018-12-01,Harrison,3.0
2018-12-01,Hartley,0.0
2018-12-01,Haskell,0.0
2018-12-01,Hays,6.0
2018-12-01,Hemphill,0.0
2018-12-01,Henderson,5.0
2018-12-01,Hidalgo,16.0
2018-12-01,Hill,4.0
2018-12-01,Hockley,2.0
2018-12-01,Hood,4.0
2018-12-01,Hopkins,4.0
2018-12-01,Houston,2.0
2018-12-01,Howard,1.0
2018-12-01,Hudspeth,0.0
2018-12-01,Hunt,4.0
2018-12-01,Hutchinson,2.0
2018-12-01,Irion,0.0
2018-12-01,Jack,0.0
2018-12-01,Jackson,2.0
2018-12-01,Jasper,3.0
2018-12-01,Jeff Davis,0.0
2018-12-01,Jefferson,8.0
2018-12-01,Jim Hogg,0.0
2018-12-01,Jim Wells,1.0
2018-12-01,Johnson,7.0
2018-12-01,Jones,0.0
2018-12-01,Karnes,0.0
2018-12-01,Kaufman,2.0
2018-12-01,Kendall,3.0
2018-12-01,Kenedy,0.0
2018-12-01,Kent,0.0
2018-12-01,Kerr,6.0
2018-12-01,Kimble,1.0
2018-12-01,King,0.0
2018-12-01,Kinney,0.0
2018-12-01,Kleberg,1.0
2018-12-01,Knox,0.0
2018-12-01,Lamar,5.0
2018-12-01,Lamb,2.0
2018-12-01,Lampasas,2.0
2018-12-01,La Salle,0.0
2018-12-01,Lavaca,4.0
2018-12-01,Lee,2.0
2018-12-01,Leon,0.0
2018-12-01,Liberty,4.0
2018-12-01,Limestone,5.0
2018-12-01,Lipscomb,0.0
2018-12-01,Live Oak,1.0
2018-12-01,Llano,2.0
2018-12-01,Loving,0.0
2018-12-01,Lubbock,10.0
2018-12-01,Lynn,1.0
2018-12-01,McCulloch,0.0
2018-12-01,McLennan,14.0
2018-12-01,McMullen,0.0
2018-12-01,Madison,2.0
2018-12-01,Marion,2.0
2018-12-01,Martin,0.0
2018-12-01,Mason,0.0
2018-12-01,Matagorda,2.0
2018-12-01,Maverick,2.0
2018-12-01,Medina,1.0
2018-12-01,Menard,0.0
2018-12-01,Midland,2.0
2018-12-01,Milam,2.0
2018-12-01,Mills,0.0
2018-12-01,Mitchell,0.0
2018-12-01,Montague,1.0
2018-12-01,Montgomery,6.0
2018-12-01,Moore,0.0
2018-12-01,Morris,1.0
2018-12-01,Motley,0.0
2018-12-01,Nacogdoches,6.0
2018-12-01,Navarro,5.0
2018-12-01,Newton,0.0
2018-12-01,Nolan,1.0
2018-12-01,Nueces,9.0
2018-12-01,Ochiltree,1.0
2018-12-01,Oldham,0.0
2018-12-01,Orange,2.0
2018-12-01,Palo Pinto,3.0
2018-12-01,Panola,2.0
2018-12-01,Parker,7.0
2018-12-01,Parmer,1.0
2018-12-01,Pecos,1.0
2018-12-01,Polk,3.0
2018-12-01,Potter,7.0
2018-12-01,Presidio,0.0
2018-12-01,Rains,0.0
2018-12-01,Randall,3.0
2018-12-01,Reagan,0.0
2018-12-01,Real,0.0
2018-12-01,Red River,2.0
2018-12-01,Reeves,0.0
2018-12-01,Refugio,1.0
2018-12-01,Roberts,0.0
2018-12-01,Robertson,2.0
2018-12-01,Rockwall,5.0
2018-12-01,Runnels,0.0
2018-12-01,Rusk,2.0
2018-12-01,Sabine,1.0
2018-12-01,San Augustine,3.0
2018-12-01,San Jacinto,1.0
2018-12-01,San Patricio,2.0
2018-12-01,San Saba,0.0
2018-12-01,Schleicher,0.0
2018-12-01,Scurry,1.0
2018-12-01,Shackelford,0.0
2018-12-01,Shelby,3.0
2018-12-01,Sherman,0.0
2018-12-01,Smith,13.0
2018-12-01,Somervell,2.0
2018-12-01,Starr,2.0
2018-12-01,Stephens,0.0
2018-12-01,Sterling,0.0
2018-12-01,Stonewall,0.0
2018-12-01,Sutton,0.0
2018-12-01,Swisher,0.0
2018-12-01,Tarrant,57.0
2018-12-01,Taylor,7.0
2018-12-01,Terrell,0.0
2018-12-01,Terry,0.0
2018-12-01,Throckmorton,0.0
2018-12-01,Titus,2.0
2018-12-01,Tom Green,5.0
2018-12-01,Travis,25.0
2018-12-01,Trinity,3.0
2018-12-01,Tyler,1.0
2018-12-01,Upshur,2.0
2018-12-01,Upton,0.0
2018-12-01,Uvalde,3.0
2018-12-01,Val Verde,3.0
2018-12-01,Van Zandt,4.0
2018-12-01,Victoria,3.0
2018-12-01,Walker,3.0
2018-12-01,Waller,0.0
2018-12-01,Ward,1.0
2018-12-01,Washington,3.0
2018-12-01,Webb,4.0
2018-12-01,Wharton,2.0
2018-12-01,Wheeler,0.0
2018-12-01,Wichita,8.0
2018-12-01,Wilbarger,1.0
2018-12-01,Willacy,1.0
2018-12-01,Williamson,14.0
2018-12-01,Wilson,3.0
2018-12-01,Winkler,1.0
2018-12-01,Wise,3.0
2018-12-01,Wood,2.0
2018-12-01,Yoakum,0.0
2018-12-01,Young,2.0
2018-12-01,Zapata,0.0
2018-12-01,Zavala,0.0
2019-01-01,Anderson,5.0
2019-01-01,Andrews,0.0
2019-01-01,Angelina,7.0
2019-01-01,Aransas,2.0
2019-01-01,Archer,0.0
2019-01-01,Armstrong,0.0
2019-01-01,Atascosa,5.0
2019-01-01,Austin,2.0
2019-01-01,Bailey,1.0
2019-01-01,Bandera,1.0
2019-01-01,Bastrop,4.0
2019-01-01,Baylor,1.0
2019-01-01,Bee,1.0
2019-01-01,Bell,14.0
2019-01-01,Bexar,51.0
2019-01-01,Blanco,0.0
2019-01-01,Borden,0.0
2019-01-01,Bosque,3.0
2019-01-01,Bowie,7.0
2019-01-01,Brazoria,8.0
2019-01-01,Brazos,6.0
2019-01-01,Brewster,1.0
2019-01-01,Briscoe,0.0
2019-01-01,Brooks,1.0
2019-01-01,Brown,4.0
2019-01-01,Burleson,3.0
2019-01-01,Burnet,2.0
2019-01-01,Caldwell,4.0
2019-01-01,Calhoun,1.0
2019-01-01,Callahan,1.0
2019-01-01,Cameron,12.0
2019-01-01,Camp,2.0
2019-01-01,Carson,0.0
2019-01-01,Cass,4.0
2019-01-01,Castro,1.0
2019-01-01,Chambers,1.0
2019-01-01,Cherokee,6.0
2019-01-01,Childress,0.0
2019-01-01,Clay,0.0
2019-01-01,Cochran,0.0
2019-01-01,Coke,2.0
2019-01-01,Coleman,1.0
2019-01-01,Collin,25.0
2019-01-01,Collingsworth,0.0
2019-01-01,Colorado,3.0
2019-01-01,Comal,6.0
2019-01-01,Comanche,2.0
2019-01-01,Concho,0.0
2019-01-01,Cooke,4.0
2019-01-01,Coryell,3.0
2019-01-01,Cottle,0.0
2019-01-01,Crane,0.0
2019-01-01,Crockett,0.0
2019-01-01,Crosby,0.0
2019-01-01,Culberson,0.0
2019-01-01,Dallam,0.0
2019-01-01,Dallas,67.0
2019-01-01,Dawson,1.0
2019-01-01,Deaf Smith,0.0
2019-01-01,Delta,0.0
2019-01-01,Denton,16.0
2019-01-01,DeWitt,3.0
2019-01-01,Dickens,0.0
2019-01-01,Dimmit,2.0
2019-01-01,Donley,0.0
2019-01-01,Duval,1.0
2019-01-01,Eastland,4.0
2019-01-01,Ector,3.0
2019-01-01,Edwards,0.0
2019-01-01,Ellis,9.0
2019-01-01,El Paso,19.0
2019-01-01,Erath,2.0
2019-01-01,Falls,1.0
2019-01-01,Fannin,4.0
2019-01-01,Fayette,3.0
2019-01-01,Fisher,0.0
2019-01-01,Floyd,1.0
2019-01-01,Foard,0.0
2019-01-01,Fort Bend,18.0
2019-01-01,Franklin,0.0
2019-01-01,Freestone,2.0
2019-01-01,Frio,1.0
2019-01-01,Gaines,1.0
2019-01-01,Galveston,13.0
2019-01-01,Garza,1.0
2019-01-01,Gillespie,4.0
2019-01-01,Glasscock,0.0
2019-01-01,Goliad,0.0
2019-01-01,Gonzales,3.0
2019-01-01,Gray,1.0
2019-01-01,Grayson,10.0
2019-01-01,Gregg,11.0
2019-01-01,Grimes,3.0
2019-01-01,Guadalupe,5.0
2019-01-01,Hale,2.0
2019-01-01,Hall,0.0
2019-01-01,Hamilton,4.0
2019-01-01,Hansford,2.0
2019-01-01,Hardeman,0.0
2019-01-01,Hardin,5.0
2019-01-01,Harris,103.0
2019-01-01,Harrison,3.0
2019-01-01,Hartley,0.0
2019-01-01,Haskell,0.0
2019-01-01,Hays,6.0
2019-01-01,Hemphill,0.0
2019-01-01,Henderson,5.0
2019-01-01,Hidalgo,17.0
2019-01-01,Hill,4.0
2019-01-01,Hockley,2.0
2019-01-01,Hood,4.0
2019-01-01,Hopkins,4.0
2019-01-01,Houston,3.0
2019-01-01,Howard,2.0
2019-01-01,Hudspeth,0.0
2019-01-01,Hunt,4.0
2019-01-01,Hutchinson,2.0
2019-01-01,Irion,0.0
2019-01-01,Jack,1.0
2019-01-01,Jackson,1.0
2019-01-01,Jasper,3.0
2019-01-01,Jeff Davis,0.0
2019-01-01,Jefferson,9.0
2019-01-01,Jim Hogg,0.0
2019-01-01,Jim Wells,2.0
2019-01-01,Johnson,7.0
2019-01-01,Jones,0.0
2019-01-01,Karnes,1.0
2019-01-01,Kaufman,4.0
2019-01-01,Kendall,4.0
2019-01-01,Kenedy,0.0
2019-01-01,Kent,0.0
2019-01-01,Kerr,7.0
2019-01-01,Kimble,1.0
2019-01-01,King,0.0
2019-01-01,Kinney,0.0
2019-01-01,Kleberg,1.0
2019-01-01,Knox,0.0
2019-01-01,Lamar,5.0
2019-01-01,Lamb,2.0
2019-01-01,Lampasas,3.0
2019-01-01,La Salle,0.0
2019-01-01,Lavaca,6.0
2019-01-01,Lee,2.0
2019-01-01,Leon,0.0
2019-01-01,Liberty,4.0
2019-01-01,Limestone,6.0
2019-01-01,Lipscomb,0.0
2019-01-01,Live Oak,1.0
2019-01-01,Llano,2.0
2019-01-01,Loving,0.0
2019-01-01,Lubbock,9.0
2019-01-01,Lynn,1.0
2019-01-01,McCulloch,1.0
2019-01-01,McLennan,13.0
2019-01-01,McMullen,0.0
2019-01-01,Madison,1.0
2019-01-01,Marion,2.0
2019-01-01,Martin,0.0
2019-01-01,Mason,0.0
2019-01-01,Matagorda,3.0
2019-01-01,Maverick,2.0
2019-01-01,Medina,3.0
2019-01-01,Menard,0.0
2019-01-01,Midland,3.0
2019-01-01,Milam,2.0
2019-01-01,Mills,0.0
2019-01-01,Mitchell,0.0
2019-01-01,Montague,2.0
2019-01-01,Montgomery,8.0
2019-01-01,Moore,0.0
2019-01-01,Morris,1.0
2019-01-01,Motley,0.0
2019-01-01,Nacogdoches,6.0
2019-01-01,Navarro,5.0
2019-01-01,Newton,1.0
2019-01-01,Nolan,1.0
2019-01-01,Nueces,9.0
2019-01-01,Ochiltree,1.0
2019-01-01,Oldham,0.0
2019-01-01,Orange,3.0
2019-01-01,Palo Pinto,3.0
2019-01-01,Panola,2.0
2019-01-01,Parker,7.0
2019-01-01,Parmer,1.0
2019-01-01,Pecos,1.0
2019-01-01,Polk,4.0
2019-01-01,Potter,7.0
2019-01-01,Presidio,0.0
2019-01-01,Rains,1.0
2019-01-01,Randall,3.0
2019-01-01,Reagan,0.0
2019-01-01,Real,0.0
2019-01-01,Red River,2.0
2019-01-01,Reeves,0.0
2019-01-01,Refugio,1.0
2019-01-01,Roberts,0.0
2019-01-01,Robertson,2.0
2019-01-01,Rockwall,5.0
2019-01-01,Runnels,1.0
2019-01-01,Rusk,2.0
2019-01-01,Sabine,1.0
2019-01-01,San Augustine,3.0
2019-01-01,San Jacinto,1.0
2019-01-01,San Patricio,2.0
2019-01-01,San Saba,0.0
2019-01-01,Schleicher,0.0
2019-01-01,Scurry,2.0
2019-01-01,Shackelford,0.0
2019-01-01,Shelby,3.0
2019-01-01,Sherman,0.0
2019-01-01,Smith,13.0
2019-01-01,Somervell,2.0
2019-01-01,Starr,2.0
2019-01-01,Stephens,1.0
2019-01-01,Sterling,0.0
2019-01-01,Stonewall,1.0
2019-01-01,Sutton,0.0
2019-01-01,Swisher,1.0
2019-01-01,Tarrant,65.0
2019-01-01,Taylor,7.0
2019-01-01,Terrell,0.0
2019-01-01,Terry,0.0
2019-01-01,Throckmorton,0.0
2019-01-01,Titus,3.0
2019-01-01,Tom Green,5.0
2019-01-01,Travis,27.0
2019-01-01,Trinity,3.0
2019-01-01,Tyler,2.0
2019-01-01,Upshur,2.0
2019-01-01,Upton,0.0
2019-01-01,Uvalde,3.0
2019-01-01,Val Verde,3.0
2019-01-01,Van Zandt,5.0
2019-01-01,Victoria,4.0
2019-01-01,Walker,3.0
2019-01-01,Waller,0.0
2019-01-01,Ward,1.0
2019-01-01,Washington,4.0
2019-01-01,Webb,5.0
2019-01-01,Wharton,4.0
2019-01-01,Wheeler,1.0
2019-01-01,Wichita,12.0
2019-01-01,Wilbarger,2.0
2019-01-01,Willacy,1.0
2019-01-01,Williamson,15.0
2019-01-01,Wilson,3.0
2019-01-01,Winkler,1.0
2019-01-01,Wise,3.0
2019-01-01,Wood,6.0
2019-01-01,Yoakum,1.0
2019-01-01,Young,2.0
2019-01-01,Zapata,0.0
2019-01-01,Zavala,0.0
2019-02-01,Anderson,5.0
2019-02-01,Andrews,0.0
2019-02-01,Angelina,8.0
2019-02-01,Aransas,2.0
2019-02-01,Archer,0.0
2019-02-01,Armstrong,0.0
2019-02-01,Atascosa,4.0
2019-02-01,Austin,2.0
2019-02-01,Bailey,1.0
2019-02-01,Bandera,1.0
2019-02-01,Bastrop,4.0
2019-02-01,Baylor,1.0
2019-02-01,Bee,2.0
2019-02-01,Bell,9.0
2019-02-01,Bexar,54.0
2019-02-01,Blanco,0.0
2019-02-01,Borden,0.0
2019-02-01,Bosque,3.0
2019-02-01,Bowie,7.0
2019-02-01,Brazoria,8.0
2019-02-01,Brazos,4.0
2019-02-01,Brewster,0.0
2019-02-01,Briscoe,0.0
2019-02-01,Brooks,1.0
2019-02-01,Brown,4.0
2019-02-01,Burleson,3.0
2019-02-01,Burnet,2.0
2019-02-01,Caldwell,4.0
2019-02-01,Calhoun,2.0
2019-02-01,Callahan,1.0
2019-02-01,Cameron,12.0
2019-02-01,Camp,2.0
2019-02-01,Carson,0.0
2019-02-01,Cass,5.0
2019-02-01,Castro,1.0
2019-02-01,Chambers,1.0
2019-02-01,Cherokee,6.0
2019-02-01,Childress,1.0
2019-02-01,Clay,0.0
2019-02-01,Cochran,0.0
2019-02-01,Coke,2.0
2019-02-01,Coleman,1.0
2019-02-01,Collin,26.0
2019-02-01,Collingsworth,0.0
2019-02-01,Colorado,4.0
2019-02-01,Comal,6.0
2019-02-01,Comanche,2.0
2019-02-01,Concho,0.0
2019-02-01,Cooke,5.0
2019-02-01,Coryell,4.0
2019-02-01,Cottle,0.0
2019-02-01,Crane,0.0
2019-02-01,Crockett,0.0
2019-02-01,Crosby,1.0
2019-02-01,Culberson,0.0
2019-02-01,Dallam,0.0
2019-02-01,Dallas,67.0
2019-02-01,Dawson,1.0
2019-02-01,Deaf Smith,0.0
2019-02-01,Delta,0.0
2019-02-01,Denton,16.0
2019-02-01,DeWitt,3.0
2019-02-01,Dickens,0.0
2019-02-01,Dimmit,2.0
2019-02-01,Donley,0.0
2019-02-01,Duval,1.0
2019-02-01,Eastland,5.0
2019-02-01,Ector,4.0
2019-02-01,Edwards,0.0
2019-02-01,Ellis,9.0
2019-02-01,El Paso,19.0
2019-02-01,Erath,2.0
2019-02-01,Falls,1.0
2019-02-01,Fannin,4.0
2019-02-01,Fayette,4.0
2019-02-01,Fisher,0.0
2019-02-01,Floyd,1.0
2019-02-01,Foard,1.0
2019-02-01,Fort Bend,17.0
2019-02-01,Franklin,0.0
2019-02-01,Freestone,2.0
2019-02-01,Frio,1.0
2019-02-01,Gaines,1.0
2019-02-01,Galveston,13.0
2019-02-01,Garza,1.0
2019-02-01,Gillespie,4.0
2019-02-01,Glasscock,0.0
2019-02-01,Goliad,0.0
2019-02-01,Gonzales,3.0
2019-02-01,Gray,1.0
2019-02-01,Grayson,9.0
2019-02-01,Gregg,10.0
2019-02-01,Grimes,3.0
2019-02-01,Guadalupe,5.0
2019-02-01,Hale,2.0
2019-02-01,Hall,0.0
2019-02-01,Hamilton,4.0
2019-02-01,Hansford,0.0
2019-02-01,Hardeman,0.0
2019-02-01,Hardin,3.0
2019-02-01,Harris,107.0
2019-02-01,Harrison,3.0
2019-02-01,Hartley,0.0
2019-02-01,Haskell,1.0
2019-02-01,Hays,5.0
2019-02-01,Hemphill,0.0
2019-02-01,Henderson,5.0
2019-02-01,Hidalgo,20.0
2019-02-01,Hill,5.0
2019-02-01,Hockley,2.0
2019-02-01,Hood,4.0
2019-02-01,Hopkins,3.0
2019-02-01,Houston,4.0
2019-02-01,Howard,1.0
2019-02-01,Hudspeth,0.0
2019-02-01,Hunt,5.0
2019-02-01,Hutchinson,2.0
2019-02-01,Irion,0.0
2019-02-01,Jack,1.0
2019-02-01,Jackson,2.0
2019-02-01,Jasper,3.0
2019-02-01,Jeff Davis,0.0
2019-02-01,Jefferson,10.0
2019-02-01,Jim Hogg,1.0
2019-02-01,Jim Wells,2.0
2019-02-01,Johnson,7.0
2019-02-01,Jones,0.0
2019-02-01,Karnes,2.0
2019-02-01,Kaufman,5.0
2019-02-01,Kendall,4.0
2019-02-01,Kenedy,0.0
2019-02-01,Kent,0.0
2019-02-01,Kerr,7.0
2019-02-01,Kimble,1.0
2019-02-01,King,0.0
2019-02-01,Kinney,0.0
2019-02-01,Kleberg,2.0
2019-02-01,Knox,0.0
2019-02-01,Lamar,4.0
2019-02-01,Lamb,1.0
2019-02-01,Lampasas,3.0
2019-02-01,La Salle,0.0
2019-02-01,Lavaca,5.0
2019-02-01,Lee,0.0
2019-02-01,Leon,1.0
2019-02-01,Liberty,4.0
2019-02-01,Limestone,7.0
2019-02-01,Lipscomb,0.0
2019-02-01,Live Oak,1.0
2019-02-01,Llano,2.0
2019-02-01,Loving,0.0
2019-02-01,Lubbock,10.0
2019-02-01,Lynn,1.0
2019-02-01,McCulloch,1.0
2019-02-01,McLennan,12.0
2019-02-01,McMullen,0.0
2019-02-01,Madison,1.0
2019-02-01,Marion,2.0
2019-02-01,Martin,0.0
2019-02-01,Mason,0.0
2019-02-01,Matagorda,4.0
2019-02-01,Maverick,2.0
2019-02-01,Medina,4.0
2019-02-01,Menard,0.0
2019-02-01,Midland,3.0
2019-02-01,Milam,0.0
2019-02-01,Mills,0.0
2019-02-01,Mitchell,0.0
2019-02-01,Montague,2.0
2019-02-01,Montgomery,7.0
2019-02-01,Moore,0.0
2019-02-01,Morris,1.0
2019-02-01,Motley,0.0
2019-02-01,Nacogdoches,6.0
2019-02-01,Navarro,4.0
2019-02-01,Newton,1.0
2019-02-01,Nolan,1.0
2019-02-01,Nueces,8.0
2019-02-01,Ochiltree,0.0
2019-02-01,Oldham,0.0
2019-02-01,Orange,3.0
2019-02-01,Palo Pinto,3.0
2019-02-01,Panola,2.0
2019-02-01,Parker,7.0
2019-02-01,Parmer,1.0
2019-02-01,Pecos,2.0
2019-02-01,Polk,4.0
2019-02-01,Potter,7.0
2019-02-01,Presidio,0.0
2019-02-01,Rains,1.0
2019-02-01,Randall,3.0
2019-02-01,Reagan,0.0
2019-02-01,Real,0.0
2019-02-01,Red River,2.0
2019-02-01,Reeves,0.0
2019-02-01,Refugio,1.0
2019-02-01,Roberts,0.0
2019-02-01,Robertson,2.0
2019-02-01,Rockwall,4.0
2019-02-01,Runnels,1.0
2019-02-01,Rusk,2.0
2019-02-01,Sabine,1.0
2019-02-01,San Augustine,3.0
2019-02-01,San Jacinto,1.0
2019-02-01,San Patricio,2.0
2019-02-01,San Saba,0.0
2019-02-01,Schleicher,0.0
2019-02-01,Scurry,2.0
2019-02-01,Shackelford,0.0
2019-02-01,Shelby,3.0
2019-02-01,Sherman,0.0
2019-02-01,Smith,12.0
2019-02-01,Somervell,2.0
2019-02-01,Starr,2.0
2019-02-01,Stephens,1.0
2019-02-01,Sterling,1.0
2019-02-01,Stonewall,1.0
2019-02-01,Sutton,0.0
2019-02-01,Swisher,1.0
2019-02-01,Tarrant,64.0
2019-02-01,Taylor,6.0
2019-02-01,Terrell,0.0
2019-02-01,Terry,1.0
2019-02-01,Throckmorton,0.0
2019-02-01,Titus,3.0
2019-02-01,Tom Green,5.0
2019-02-01,Travis,24.0
2019-02-01,Trinity,3.0
2019-02-01,Tyler,2.0
2019-02-01,Upshur,2.0
2019-02-01,Upton,0.0
2019-02-01,Uvalde,2.0
2019-02-01,Val Verde,3.0
2019-02-01,Van Zandt,5.0
2019-02-01,Victoria,4.0
2019-02-01,Walker,4.0
2019-02-01,Waller,0.0
2019-02-01,Ward,1.0
2019-02-01,Washington,4.0
2019-02-01,Webb,4.0
2019-02-01,Wharton,3.0
2019-02-01,Wheeler,1.0
2019-02-01,Wichita,13.0
2019-02-01,Wilbarger,2.0
2019-02-01,Willacy,1.0
2019-02-01,Williamson,14.0
2019-02-01,Wilson,3.0
2019-02-01,Winkler,0.0
2019-02-01,Wise,3.0
2019-02-01,Wood,5.0
2019-02-01,Yoakum,2.0
2019-02-01,Young,2.0
2019-02-01,Zapata,0.0
2019-02-01,Zavala,0.0
2019-03-01,Anderson,4.0
2019-03-01,Andrews,0.0
2019-03-01,Angelina,8.0
2019-03-01,Aransas,2.0
2019-03-01,Archer,0.0
2019-03-01,Armstrong,0.0
2019-03-01,Atascosa,3.0
2019-03-01,Austin,2.0
2019-03-01,Bailey,1.0
2019-03-01,Bandera,1.0
2019-03-01,Bastrop,4.0
2019-03-01,Baylor,1.0
2019-03-01,Bee,2.0
2019-03-01,Bell,14.0
2019-03-01,Bexar,52.0
2019-03-01,Blanco,0.0
2019-03-01,Borden,0.0
2019-03-01,Bosque,3.0
2019-03-01,Bowie,7.0
2019-03-01,Brazoria,9.0
2019-03-01,Brazos,4.0
2019-03-01,Brewster,1.0
2019-03-01,Briscoe,0.0
2019-03-01,Brooks,1.0
2019-03-01,Brown,4.0
2019-03-01,Burleson,2.0
2019-03-01,Burnet,2.0
2019-03-01,Caldwell,4.0
2019-03-01,Calhoun,2.0
2019-03-01,Callahan,1.0
2019-03-01,Cameron,12.0
2019-03-01,Camp,2.0
2019-03-01,Carson,0.0
2019-03-01,Cass,5.0
2019-03-01,Castro,1.0
2019-03-01,Chambers,1.0
2019-03-01,Cherokee,7.0
2019-03-01,Childress,1.0
2019-03-01,Clay,0.0
2019-03-01,Cochran,0.0
2019-03-01,Coke,1.0
2019-03-01,Coleman,0.0
2019-03-01,Collin,26.0
2019-03-01,Collingsworth,0.0
2019-03-01,Colorado,3.0
2019-03-01,Comal,6.0
2019-03-01,Comanche,2.0
2019-03-01,Concho,1.0
2019-03-01,Cooke,5.0
2019-03-01,Coryell,3.0
2019-03-01,Cottle,0.0
2019-03-01,Crane,1.0
2019-03-01,Crockett,0.0
2019-03-01,Crosby,0.0
2019-03-01,Culberson,0.0
2019-03-01,Dallam,0.0
2019-03-01,Dallas,70.0
2019-03-01,Dawson,2.0
2019-03-01,Deaf Smith,1.0
2019-03-01,Delta,0.0
2019-03-01,Denton,17.0
2019-03-01,DeWitt,2.0
2019-03-01,Dickens,0.0
2019-03-01,Dimmit,1.0
2019-03-01,Donley,0.0
2019-03-01,Duval,1.0
2019-03-01,Eastland,4.0
2019-03-01,Ector,4.0
2019-03-01,Edwards,0.0
2019-03-01,Ellis,7.0
2019-03-01,El Paso,19.0
2019-03-01,Erath,3.0
2019-03-01,Falls,2.0
2019-03-01,Fannin,4.0
2019-03-01,Fayette,4.0
2019-03-01,Fisher,0.0
2019-03-01,Floyd,1.0
2019-03-01,Foard,1.0
2019-03-01,Fort Bend,17.0
2019-03-01,Franklin,0.0
2019-03-01,Freestone,2.0
2019-03-01,Frio,1.0
2019-03-01,Gaines,1.0
2019-03-01,Galveston,13.0
2019-03-01,Garza,1.0
2019-03-01,Gillespie,4.0
2019-03-01,Glasscock,0.0
2019-03-01,Goliad,0.0
2019-03-01,Gonzales,2.0
2019-03-01,Gray,1.0
2019-03-01,Grayson,11.0
2019-03-01,Gregg,12.0
2019-03-01,Grimes,2.0
2019-03-01,Guadalupe,7.0
2019-03-01,Hale,2.0
2019-03-01,Hall,1.0
2019-03-01,Hamilton,4.0
2019-03-01,Hansford,1.0
2019-03-01,Hardeman,0.0
2019-03-01,Hardin,5.0
2019-03-01,Harris,106.0
2019-03-01,Harrison,2.0
2019-03-01,Hartley,0.0
2019-03-01,Haskell,2.0
2019-03-01,Hays,5.0
2019-03-01,Hemphill,0.0
2019-03-01,Henderson,4.0
2019-03-01,Hidalgo,22.0
2019-03-01,Hill,3.0
2019-03-01,Hockley,2.0
2019-03-01,Hood,4.0
2019-03-01,Hopkins,3.0
2019-03-01,Houston,4.0
2019-03-01,Howard,2.0
2019-03-01,Hudspeth,0.0
2019-03-01,Hunt,4.0
2019-03-01,Hutchinson,3.0
2019-03-01,Irion,0.0
2019-03-01,Jack,1.0
2019-03-01,Jackson,2.0
2019-03-01,Jasper,3.0
2019-03-01,Jeff Davis,0.0
2019-03-01,Jefferson,9.0
2019-03-01,Jim Hogg,1.0
2019-03-01,Jim Wells,2.0
2019-03-01,Johnson,8.0
2019-03-01,Jones,1.0
2019-03-01,Karnes,2.0
2019-03-01,Kaufman,5.0
2019-03-01,Kendall,4.0
2019-03-01,Kenedy,0.0
2019-03-01,Kent,0.0
2019-03-01,Kerr,7.0
2019-03-01,Kimble,1.0
2019-03-01,King,0.0
2019-03-01,Kinney,0.0
2019-03-01,Kleberg,2.0
2019-03-01,Knox,1.0
2019-03-01,Lamar,5.0
2019-03-01,Lamb,2.0
2019-03-01,Lampasas,2.0
2019-03-01,La Salle,0.0
2019-03-01,Lavaca,4.0
2019-03-01,Lee,0.0
2019-03-01,Leon,1.0
2019-03-01,Liberty,4.0
2019-03-01,Limestone,7.0
2019-03-01,Lipscomb,0.0
2019-03-01,Live Oak,1.0
2019-03-01,Llano,2.0
2019-03-01,Loving,0.0
2019-03-01,Lubbock,10.0
2019-03-01,Lynn,1.0
2019-03-01,McCulloch,0.0
2019-03-01,McLennan,12.0
2019-03-01,McMullen,0.0
2019-03-01,Madison,2.0
2019-03-01,Marion,2.0
2019-03-01,Martin,0.0
2019-03-01,Mason,0.0
2019-03-01,Matagorda,4.0
2019-03-01,Maverick,2.0
2019-03-01,Medina,2.0
2019-03-01,Menard,0.0
2019-03-01,Midland,3.0
2019-03-01,Milam,2.0
2019-03-01,Mills,1.0
2019-03-01,Mitchell,0.0
2019-03-01,Montague,2.0
2019-03-01,Montgomery,7.0
2019-03-01,Moore,0.0
2019-03-01,Morris,1.0
2019-03-01,Motley,0.0
2019-03-01,Nacogdoches,6.0
2019-03-01,Navarro,2.0
2019-03-01,Newton,0.0
2019-03-01,Nolan,1.0
2019-03-01,Nueces,10.0
2019-03-01,Ochiltree,0.0
2019-03-01,Oldham,0.0
2019-03-01,Orange,3.0
2019-03-01,Palo Pinto,3.0
2019-03-01,Panola,2.0
2019-03-01,Parker,7.0
2019-03-01,Parmer,2.0
2019-03-01,Pecos,1.0
2019-03-01,Polk,4.0
2019-03-01,Potter,7.0
2019-03-01,Presidio,0.0
2019-03-01,Rains,1.0
2019-03-01,Randall,3.0
2019-03-01,Reagan,0.0
2019-03-01,Real,0.0
2019-03-01,Red River,2.0
2019-03-01,Reeves,0.0
2019-03-01,Refugio,1.0
2019-03-01,Roberts,0.0
2019-03-01,Robertson,2.0
2019-03-01,Rockwall,4.0
2019-03-01,Runnels,1.0
2019-03-01,Rusk,2.0
2019-03-01,Sabine,1.0
2019-03-01,San Augustine,3.0
2019-03-01,San Jacinto,1.0
2019-03-01,San Patricio,2.0
2019-03-01,San Saba,0.0
2019-03-01,Schleicher,0.0
2019-03-01,Scurry,2.0
2019-03-01,Shackelford,0.0
2019-03-01,Shelby,3.0
2019-03-01,Sherman,0.0
2019-03-01,Smith,13.0
2019-03-01,Somervell,2.0
2019-03-01,Starr,2.0
2019-03-01,Stephens,2.0
2019-03-01,Sterling,1.0
2019-03-01,Stonewall,1.0
2019-03-01,Sutton,0.0
2019-03-01,Swisher,1.0
2019-03-01,Tarrant,63.0
2019-03-01,Taylor,6.0
2019-03-01,Terrell,0.0
2019-03-01,Terry,1.0
2019-03-01,Throckmorton,0.0
2019-03-01,Titus,2.0
2019-03-01,Tom Green,4.0
2019-03-01,Travis,22.0
2019-03-01,Trinity,3.0
2019-03-01,Tyler,2.0
2019-03-01,Upshur,2.0
2019-03-01,Upton,0.0
2019-03-01,Uvalde,3.0
2019-03-01,Val Verde,3.0
2019-03-01,Van Zandt,5.0
2019-03-01,Victoria,4.0
2019-03-01,Walker,4.0
2019-03-01,Waller,0.0
2019-03-01,Ward,1.0
2019-03-01,Washington,4.0
2019-03-01,Webb,3.0
2019-03-01,Wharton,4.0
2019-03-01,Wheeler,2.0
2019-03-01,Wichita,11.0
2019-03-01,Wilbarger,1.0
2019-03-01,Willacy,1.0
2019-03-01,Williamson,15.0
2019-03-01,Wilson,3.0
2019-03-01,Winkler,1.0
2019-03-01,Wise,3.0
2019-03-01,Wood,5.0
2019-03-01,Yoakum,2.0
2019-03-01,Young,2.0
2019-03-01,Zapata,0.0
2019-03-01,Zavala,0.0
2019-04-01,Anderson,3.0
2019-04-01,Andrews,0.0
2019-04-01,Angelina,8.0
2019-04-01,Aransas,2.0
2019-04-01,Archer,0.0
2019-04-01,Armstrong,0.0
2019-04-01,Atascosa,2.0
2019-04-01,Austin,1.0
2019-04-01,Bailey,1.0
2019-04-01,Bandera,1.0
2019-04-01,Bastrop,4.0
2019-04-01,Baylor,1.0
2019-04-01,Bee,2.0
2019-04-01,Bell,13.0
2019-04-01,Bexar,53.0
2019-04-01,Blanco,0.0
2019-04-01,Borden,0.0
2019-04-01,Bosque,1.0
2019-04-01,Bowie,7.0
2019-04-01,Brazoria,8.0
2019-04-01,Brazos,4.0
2019-04-01,Brewster,1.0
2019-04-01,Briscoe,0.0
2019-04-01,Brooks,1.0
2019-04-01,Brown,4.0
2019-04-01,Burleson,2.0
2019-04-01,Burnet,2.0
2019-04-01,Caldwell,4.0
2019-04-01,Calhoun,2.0
2019-04-01,Callahan,0.0
2019-04-01,Cameron,12.0
2019-04-01,Camp,2.0
2019-04-01,Carson,0.0
2019-04-01,Cass,5.0
2019-04-01,Castro,1.0
2019-04-01,Chambers,1.0
2019-04-01,Cherokee,7.0
2019-04-01,Childress,0.0
2019-04-01,Clay,1.0
2019-04-01,Cochran,0.0
2019-04-01,Coke,1.0
2019-04-01,Coleman,0.0
2019-04-01,Collin,26.0
2019-04-01,Collingsworth,0.0
2019-04-01,Colorado,2.0
2019-04-01,Comal,6.0
2019-04-01,Comanche,1.0
2019-04-01,Concho,1.0
2019-04-01,Cooke,5.0
2019-04-01,Coryell,3.0
2019-04-01,Cottle,0.0
2019-04-01,Crane,1.0
2019-04-01,Crockett,0.0
2019-04-01,Crosby,0.0
2019-04-01,Culberson,0.0
2019-04-01,Dallam,0.0
2019-04-01,Dallas,70.0
2019-04-01,Dawson,2.0
2019-04-01,Deaf Smith,2.0
2019-04-01,Delta,0.0
2019-04-01,Denton,17.0
2019-04-01,DeWitt,2.0
2019-04-01,Dickens,0.0
2019-04-01,Dimmit,2.0
2019-04-01,Donley,0.0
2019-04-01,Duval,1.0
2019-04-01,Eastland,5.0
2019-04-01,Ector,3.0
2019-04-01,Edwards,0.0
2019-04-01,Ellis,8.0
2019-04-01,El Paso,20.0
2019-04-01,Erath,3.0
2019-04-01,Falls,2.0
2019-04-01,Fannin,5.0
2019-04-01,Fayette,3.0
2019-04-01,Fisher,0.0
2019-04-01,Floyd,2.0
2019-04-01,Foard,0.0
2019-04-01,Fort Bend,18.0
2019-04-01,Franklin,0.0
2019-04-01,Freestone,2.0
2019-04-01,Frio,1.0
2019-04-01,Gaines,1.0
2019-04-01,Galveston,13.0
2019-04-01,Garza,1.0
2019-04-01,Gillespie,4.0
2019-04-01,Glasscock,0.0
2019-04-01,Goliad,0.0
2019-04-01,Gonzales,3.0
2019-04-01,Gray,3.0
2019-04-01,Grayson,11.0
2019-04-01,Gregg,11.0
2019-04-01,Grimes,3.0
2019-04-01,Guadalupe,5.0
2019-04-01,Hale,2.0
2019-04-01,Hall,1.0
2019-04-01,Hamilton,2.0
2019-04-01,Hansford,1.0
2019-04-01,Hardeman,0.0
2019-04-01,Hardin,5.0
2019-04-01,Harris,104.0
2019-04-01,Harrison,2.0
2019-04-01,Hartley,0.0
2019-04-01,Haskell,1.0
2019-04-01,Hays,4.0
2019-04-01,Hemphill,0.0
2019-04-01,Henderson,6.0
2019-04-01,Hidalgo,22.0
2019-04-01,Hill,2.0
2019-04-01,Hockley,2.0
2019-04-01,Hood,4.0
2019-04-01,Hopkins,3.0
2019-04-01,Houston,3.0
2019-04-01,Howard,2.0
2019-04-01,Hudspeth,0.0
2019-04-01,Hunt,5.0
2019-04-01,Hutchinson,1.0
2019-04-01,Irion,0.0
2019-04-01,Jack,1.0
2019-04-01,Jackson,3.0
2019-04-01,Jasper,3.0
2019-04-01,Jeff Davis,0.0
2019-04-01,Jefferson,12.0
2019-04-01,Jim Hogg,1.0
2019-04-01,Jim Wells,2.0
2019-04-01,Johnson,8.0
2019-04-01,Jones,0.0
2019-04-01,Karnes,1.0
2019-04-01,Kaufman,5.0
2019-04-01,Kendall,4.0
2019-04-01,Kenedy,0.0
2019-04-01,Kent,0.0
2019-04-01,Kerr,7.0
2019-04-01,Kimble,1.0
2019-04-01,King,0.0
2019-04-01,Kinney,0.0
2019-04-01,Kleberg,2.0
2019-04-01,Knox,1.0
2019-04-01,Lamar,5.0
2019-04-01,Lamb,2.0
2019-04-01,Lampasas,2.0
2019-04-01,La Salle,0.0
2019-04-01,Lavaca,6.0
2019-04-01,Lee,0.0
2019-04-01,Leon,1.0
2019-04-01,Liberty,4.0
2019-04-01,Limestone,6.0
2019-04-01,Lipscomb,0.0
2019-04-01,Live Oak,1.0
2019-04-01,Llano,2.0
2019-04-01,Loving,0.0
2019-04-01,Lubbock,11.0
2019-04-01,Lynn,1.0
2019-04-01,McCulloch,1.0
2019-04-01,McLennan,14.0
2019-04-01,McMullen,0.0
2019-04-01,Madison,2.0
2019-04-01,Marion,2.0
2019-04-01,Martin,0.0
2019-04-01,Mason,0.0
2019-04-01,Matagorda,3.0
2019-04-01,Maverick,2.0
2019-04-01,Medina,1.0
2019-04-01,Menard,0.0
2019-04-01,Midland,5.0
2019-04-01,Milam,2.0
2019-04-01,Mills,1.0
2019-04-01,Mitchell,0.0
2019-04-01,Montague,2.0
2019-04-01,Montgomery,8.0
2019-04-01,Moore,0.0
2019-04-01,Morris,0.0
2019-04-01,Motley,0.0
2019-04-01,Nacogdoches,6.0
2019-04-01,Navarro,4.0
2019-04-01,Newton,1.0
2019-04-01,Nolan,1.0
2019-04-01,Nueces,10.0
2019-04-01,Ochiltree,1.0
2019-04-01,Oldham,0.0
2019-04-01,Orange,3.0
2019-04-01,Palo Pinto,3.0
2019-04-01,Panola,2.0
2019-04-01,Parker,7.0
2019-04-01,Parmer,2.0
2019-04-01,Pecos,0.0
2019-04-01,Polk,4.0
2019-04-01,Potter,4.0
2019-04-01,Presidio,0.0
2019-04-01,Rains,1.0
2019-04-01,Randall,2.0
2019-04-01,Reagan,0.0
2019-04-01,Real,0.0
2019-04-01,Red River,2.0
2019-04-01,Reeves,0.0
2019-04-01,Refugio,0.0
2019-04-01,Roberts,0.0
2019-04-01,Robertson,0.0
2019-04-01,Rockwall,5.0
2019-04-01,Runnels,1.0
2019-04-01,Rusk,2.0
2019-04-01,Sabine,1.0
2019-04-01,San Augustine,3.0
2019-04-01,San Jacinto,1.0
2019-04-01,San Patricio,2.0
2019-04-01,San Saba,0.0
2019-04-01,Schleicher,0.0
2019-04-01,Scurry,2.0
2019-04-01,Shackelford,0.0
2019-04-01,Shelby,3.0
2019-04-01,Sherman,0.0
2019-04-01,Smith,13.0
2019-04-01,Somervell,2.0
2019-04-01,Starr,2.0
2019-04-01,Stephens,2.0
2019-04-01,Sterling,1.0
2019-04-01,Stonewall,1.0
2019-04-01,Sutton,0.0
2019-04-01,Swisher,2.0
2019-04-01,Tarrant,68.0
2019-04-01,Taylor,8.0
2019-04-01,Terrell,0.0
2019-04-01,Terry,2.0
2019-04-01,Throckmorton,0.0
2019-04-01,Titus,2.0
2019-04-01,Tom Green,4.0
2019-04-01,Travis,20.0
2019-04-01,Trinity,3.0
2019-04-01,Tyler,2.0
2019-04-01,Upshur,2.0
2019-04-01,Upton,0.0
2019-04-01,Uvalde,3.0
2019-04-01,Val Verde,3.0
2019-04-01,Van Zandt,4.0
2019-04-01,Victoria,4.0
2019-04-01,Walker,4.0
2019-04-01,Waller,0.0
2019-04-01,Ward,1.0
2019-04-01,Washington,3.0
2019-04-01,Webb,3.0
2019-04-01,Wharton,4.0
2019-04-01,Wheeler,2.0
2019-04-01,Wichita,11.0
2019-04-01,Wilbarger,1.0
2019-04-01,Willacy,1.0
2019-04-01,Williamson,14.0
2019-04-01,Wilson,2.0
2019-04-01,Winkler,1.0
2019-04-01,Wise,3.0
2019-04-01,Wood,5.0
2019-04-01,Yoakum,0.0
2019-04-01,Young,3.0
2019-04-01,Zapata,0.0
2019-04-01,Zavala,0.0
2019-05-01,Anderson,2.0
2019-05-01,Andrews,1.0
2019-05-01,Angelina,8.0
2019-05-01,Aransas,2.0
2019-05-01,Archer,0.0
2019-05-01,Armstrong,0.0
2019-05-01,Atascosa,2.0
2019-05-01,Austin,1.0
2019-05-01,Bailey,1.0
2019-05-01,Bandera,1.0
2019-05-01,Bastrop,4.0
2019-05-01,Baylor,1.0
2019-05-01,Bee,1.0
2019-05-01,Bell,11.0
2019-05-01,Bexar,52.0
2019-05-01,Blanco,0.0
2019-05-01,Borden,0.0
2019-05-01,Bosque,1.0
2019-05-01,Bowie,7.0
2019-05-01,Brazoria,11.0
2019-05-01,Brazos,5.0
2019-05-01,Brewster,1.0
2019-05-01,Briscoe,0.0
2019-05-01,Brooks,1.0
2019-05-01,Brown,4.0
2019-05-01,Burleson,1.0
2019-05-01,Burnet,3.0
2019-05-01,Caldwell,5.0
2019-05-01,Calhoun,2.0
2019-05-01,Callahan,2.0
2019-05-01,Cameron,12.0
2019-05-01,Camp,2.0
2019-05-01,Carson,0.0
2019-05-01,Cass,4.0
2019-05-01,Castro,1.0
2019-05-01,Chambers,0.0
2019-05-01,Cherokee,8.0
2019-05-01,Childress,1.0
2019-05-01,Clay,2.0
2019-05-01,Cochran,0.0
2019-05-01,Coke,1.0
2019-05-01,Coleman,1.0
2019-05-01,Collin,26.0
2019-05-01,Collingsworth,0.0
2019-05-01,Colorado,4.0
2019-05-01,Comal,6.0
2019-05-01,Comanche,3.0
2019-05-01,Concho,1.0
2019-05-01,Cooke,4.0
2019-05-01,Coryell,3.0
2019-05-01,Cottle,0.0
2019-05-01,Crane,1.0
2019-05-01,Crockett,0.0
2019-05-01,Crosby,0.0
2019-05-01,Culberson,0.0
2019-05-01,Dallam,0.0
2019-05-01,Dallas,69.0
2019-05-01,Dawson,1.0
2019-05-01,Deaf Smith,2.0
2019-05-01,Delta,0.0
2019-05-01,Denton,17.0
2019-05-01,DeWitt,3.0
2019-05-01,Dickens,0.0
2019-05-01,Dimmit,2.0
2019-05-01,Donley,0.0
2019-05-01,Duval,1.0
2019-05-01,Eastland,4.0
2019-05-01,Ector,5.0
2019-05-01,Edwards,0.0
2019-05-01,Ellis,7.0
2019-05-01,El Paso,20.0
2019-05-01,Erath,3.0
2019-05-01,Falls,2.0
2019-05-01,Fannin,4.0
2019-05-01,Fayette,4.0
2019-05-01,Fisher,0.0
2019-05-01,Floyd,2.0
2019-05-01,Foard,0.0
2019-05-01,Fort Bend,16.0
2019-05-01,Franklin,0.0
2019-05-01,Freestone,3.0
2019-05-01,Frio,1.0
2019-05-01,Gaines,1.0
2019-05-01,Galveston,13.0
2019-05-01,Garza,1.0
2019-05-01,Gillespie,4.0
2019-05-01,Glasscock,0.0
2019-05-01,Goliad,0.0
2019-05-01,Gonzales,2.0
2019-05-01,Gray,2.0
2019-05-01,Grayson,9.0
2019-05-01,Gregg,10.0
2019-05-01,Grimes,3.0
2019-05-01,Guadalupe,5.0
2019-05-01,Hale,2.0
2019-05-01,Hall,0.0
2019-05-01,Hamilton,2.0
2019-05-01,Hansford,0.0
2019-05-01,Hardeman,0.0
2019-05-01,Hardin,5.0
2019-05-01,Harris,102.0
2019-05-01,Harrison,3.0
2019-05-01,Hartley,0.0
2019-05-01,Haskell,0.0
2019-05-01,Hays,5.0
2019-05-01,Hemphill,0.0
2019-05-01,Henderson,6.0
2019-05-01,Hidalgo,20.0
2019-05-01,Hill,5.0
2019-05-01,Hockley,2.0
2019-05-01,Hood,4.0
2019-05-01,Hopkins,3.0
2019-05-01,Houston,3.0
2019-05-01,Howard,2.0
2019-05-01,Hudspeth,0.0
2019-05-01,Hunt,5.0
2019-05-01,Hutchinson,1.0
2019-05-01,Irion,0.0
2019-05-01,Jack,1.0
2019-05-01,Jackson,2.0
2019-05-01,Jasper,2.0
2019-05-01,Jeff Davis,0.0
2019-05-01,Jefferson,12.0
2019-05-01,Jim Hogg,1.0
2019-05-01,Jim Wells,2.0
2019-05-01,Johnson,7.0
2019-05-01,Jones,1.0
2019-05-01,Karnes,1.0
2019-05-01,Kaufman,6.0
2019-05-01,Kendall,4.0
2019-05-01,Kenedy,0.0
2019-05-01,Kent,0.0
2019-05-01,Kerr,7.0
2019-05-01,Kimble,1.0
2019-05-01,King,0.0
2019-05-01,Kinney,0.0
2019-05-01,Kleberg,2.0
2019-05-01,Knox,1.0
2019-05-01,Lamar,5.0
2019-05-01,Lamb,2.0
2019-05-01,Lampasas,2.0
2019-05-01,La Salle,1.0
2019-05-01,Lavaca,5.0
2019-05-01,Lee,1.0
2019-05-01,Leon,0.0
2019-05-01,Liberty,4.0
2019-05-01,Limestone,6.0
2019-05-01,Lipscomb,0.0
2019-05-01,Live Oak,1.0
2019-05-01,Llano,2.0
2019-05-01,Loving,0.0
2019-05-01,Lubbock,8.0
2019-05-01,Lynn,1.0
2019-05-01,McCulloch,1.0
2019-05-01,McLennan,13.0
2019-05-01,McMullen,0.0
2019-05-01,Madison,2.0
2019-05-01,Marion,2.0
2019-05-01,Martin,0.0
2019-05-01,Mason,0.0
2019-05-01,Matagorda,4.0
2019-05-01,Maverick,2.0
2019-05-01,Medina,3.0
2019-05-01,Menard,0.0
2019-05-01,Midland,5.0
2019-05-01,Milam,1.0
2019-05-01,Mills,1.0
2019-05-01,Mitchell,0.0
2019-05-01,Montague,2.0
2019-05-01,Montgomery,9.0
2019-05-01,Moore,1.0
2019-05-01,Morris,1.0
2019-05-01,Motley,0.0
2019-05-01,Nacogdoches,6.0
2019-05-01,Navarro,4.0
2019-05-01,Newton,1.0
2019-05-01,Nolan,1.0
2019-05-01,Nueces,11.0
2019-05-01,Ochiltree,1.0
2019-05-01,Oldham,0.0
2019-05-01,Orange,3.0
2019-05-01,Palo Pinto,3.0
2019-05-01,Panola,2.0
2019-05-01,Parker,8.0
2019-05-01,Parmer,2.0
2019-05-01,Pecos,1.0
2019-05-01,Polk,4.0
2019-05-01,Potter,6.0
2019-05-01,Presidio,0.0
2019-05-01,Rains,1.0
2019-05-01,Randall,3.0
2019-05-01,Reagan,0.0
2019-05-01,Real,0.0
2019-05-01,Red River,2.0
2019-05-01,Reeves,0.0
2019-05-01,Refugio,1.0
2019-05-01,Roberts,0.0
2019-05-01,Robertson,1.0
2019-05-01,Rockwall,5.0
2019-05-01,Runnels,1.0
2019-05-01,Rusk,2.0
2019-05-01,Sabine,2.0
2019-05-01,San Augustine,3.0
2019-05-01,San Jacinto,1.0
2019-05-01,San Patricio,2.0
2019-05-01,San Saba,0.0
2019-05-01,Schleicher,0.0
2019-05-01,Scurry,2.0
2019-05-01,Shackelford,0.0
2019-05-01,Shelby,3.0
2019-05-01,Sherman,0.0
2019-05-01,Smith,14.0
2019-05-01,Somervell,2.0
2019-05-01,Starr,2.0
2019-05-01,Stephens,1.0
2019-05-01,Sterling,1.0
2019-05-01,Stonewall,1.0
2019-05-01,Sutton,0.0
2019-05-01,Swisher,2.0
2019-05-01,Tarrant,67.0
2019-05-01,Taylor,9.0
2019-05-01,Terrell,0.0
2019-05-01,Terry,3.0
2019-05-01,Throckmorton,0.0
2019-05-01,Titus,2.0
2019-05-01,Tom Green,4.0
2019-05-01,Travis,22.0
2019-05-01,Trinity,2.0
2019-05-01,Tyler,2.0
2019-05-01,Upshur,2.0
2019-05-01,Upton,0.0
2019-05-01,Uvalde,3.0
2019-05-01,Val Verde,3.0
2019-05-01,Van Zandt,4.0
2019-05-01,Victoria,5.0
2019-05-01,Walker,3.0
2019-05-01,Waller,1.0
2019-05-01,Ward,1.0
2019-05-01,Washington,4.0
2019-05-01,Webb,5.0
2019-05-01,Wharton,4.0
2019-05-01,Wheeler,2.0
2019-05-01,Wichita,11.0
2019-05-01,Wilbarger,1.0
2019-05-01,Willacy,1.0
2019-05-01,Williamson,14.0
2019-05-01,Wilson,3.0
2019-05-01,Winkler,1.0
2019-05-01,Wise,3.0
2019-05-01,Wood,5.0
2019-05-01,Yoakum,1.0
2019-05-01,Young,3.0
2019-05-01,Zapata,0.0
2019-05-01,Zavala,0.0
2019-06-01,Anderson,3.0
2019-06-01,Andrews,1.0
2019-06-01,Angelina,8.0
2019-06-01,Aransas,1.0
2019-06-01,Archer,0.0
2019-06-01,Armstrong,0.0
2019-06-01,Atascosa,2.0
2019-06-01,Austin,1.0
2019-06-01,Bailey,1.0
2019-06-01,Bandera,2.0
2019-06-01,Bastrop,4.0
2019-06-01,Baylor,1.0
2019-06-01,Bee,1.0
2019-06-01,Bell,9.0
2019-06-01,Bexar,52.0
2019-06-01,Blanco,0.0
2019-06-01,Borden,0.0
2019-06-01,Bosque,3.0
2019-06-01,Bowie,7.0
2019-06-01,Brazoria,10.0
2019-06-01,Brazos,5.0
2019-06-01,Brewster,1.0
2019-06-01,Briscoe,0.0
2019-06-01,Brooks,1.0
2019-06-01,Brown,5.0
2019-06-01,Burleson,0.0
2019-06-01,Burnet,3.0
2019-06-01,Caldwell,5.0
2019-06-01,Calhoun,1.0
2019-06-01,Callahan,2.0
2019-06-01,Cameron,12.0
2019-06-01,Camp,2.0
2019-06-01,Carson,0.0
2019-06-01,Cass,5.0
2019-06-01,Castro,1.0
2019-06-01,Chambers,0.0
2019-06-01,Cherokee,6.0
2019-06-01,Childress,1.0
2019-06-01,Clay,2.0
2019-06-01,Cochran,0.0
2019-06-01,Coke,1.0
2019-06-01,Coleman,3.0
2019-06-01,Collin,26.0
2019-06-01,Collingsworth,0.0
2019-06-01,Colorado,4.0
2019-06-01,Comal,6.0
2019-06-01,Comanche,3.0
2019-06-01,Concho,2.0
2019-06-01,Cooke,5.0
2019-06-01,Coryell,4.0
2019-06-01,Cottle,0.0
2019-06-01,Crane,1.0
2019-06-01,Crockett,0.0
2019-06-01,Crosby,0.0
2019-06-01,Culberson,0.0
2019-06-01,Dallam,1.0
2019-06-01,Dallas,70.0
2019-06-01,Dawson,0.0
2019-06-01,Deaf Smith,2.0
2019-06-01,Delta,1.0
2019-06-01,Denton,17.0
2019-06-01,DeWitt,2.0
2019-06-01,Dickens,0.0
2019-06-01,Dimmit,1.0
2019-06-01,Donley,0.0
2019-06-01,Duval,1.0
2019-06-01,Eastland,3.0
2019-06-01,Ector,5.0
2019-06-01,Edwards,0.0
2019-06-01,Ellis,6.0
2019-06-01,El Paso,19.0
2019-06-01,Erath,2.0
2019-06-01,Falls,2.0
2019-06-01,Fannin,6.0
2019-06-01,Fayette,5.0
2019-06-01,Fisher,0.0
2019-06-01,Floyd,1.0
2019-06-01,Foard,0.0
2019-06-01,Fort Bend,17.0
2019-06-01,Franklin,1.0
2019-06-01,Freestone,3.0
2019-06-01,Frio,1.0
2019-06-01,Gaines,0.0
2019-06-01,Galveston,13.0
2019-06-01,Garza,1.0
2019-06-01,Gillespie,4.0
2019-06-01,Glasscock,0.0
2019-06-01,Goliad,1.0
2019-06-01,Gonzales,2.0
2019-06-01,Gray,3.0
2019-06-01,Grayson,9.0
2019-06-01,Gregg,11.0
2019-06-01,Grimes,3.0
2019-06-01,Guadalupe,4.0
2019-06-01,Hale,3.0
2019-06-01,Hall,0.0
2019-06-01,Hamilton,3.0
2019-06-01,Hansford,0.0
2019-06-01,Hardeman,0.0
2019-06-01,Hardin,5.0
2019-06-01,Harris,105.0
2019-06-01,Harrison,3.0
2019-06-01,Hartley,0.0
2019-06-01,Haskell,1.0
2019-06-01,Hays,5.0
2019-06-01,Hemphill,0.0
2019-06-01,Henderson,6.0
2019-06-01,Hidalgo,20.0
2019-06-01,Hill,5.0
2019-06-01,Hockley,2.0
2019-06-01,Hood,4.0
2019-06-01,Hopkins,3.0
2019-06-01,Houston,3.0
2019-06-01,Howard,2.0
2019-06-01,Hudspeth,0.0
2019-06-01,Hunt,5.0
2019-06-01,Hutchinson,1.0
2019-06-01,Irion,0.0
2019-06-01,Jack,1.0
2019-06-01,Jackson,3.0
2019-06-01,Jasper,2.0
2019-06-01,Jeff Davis,0.0
2019-06-01,Jefferson,12.0
2019-06-01,Jim Hogg,0.0
2019-06-01,Jim Wells,2.0
2019-06-01,Johnson,7.0
2019-06-01,Jones,1.0
2019-06-01,Karnes,0.0
2019-06-01,Kaufman,6.0
2019-06-01,Kendall,4.0
2019-06-01,Kenedy,0.0
2019-06-01,Kent,0.0
2019-06-01,Kerr,7.0
2019-06-01,Kimble,1.0
2019-06-01,King,0.0
2019-06-01,Kinney,0.0
2019-06-01,Kleberg,1.0
2019-06-01,Knox,0.0
2019-06-01,Lamar,5.0
2019-06-01,Lamb,2.0
2019-06-01,Lampasas,2.0
2019-06-01,La Salle,1.0
2019-06-01,Lavaca,5.0
2019-06-01,Lee,1.0
2019-06-01,Leon,1.0
2019-06-01,Liberty,4.0
2019-06-01,Limestone,6.0
2019-06-01,Lipscomb,0.0
2019-06-01,Live Oak,1.0
2019-06-01,Llano,2.0
2019-06-01,Loving,0.0
2019-06-01,Lubbock,11.0
2019-06-01,Lynn,1.0
2019-06-01,McCulloch,0.0
2019-06-01,McLennan,12.0
2019-06-01,McMullen,0.0
2019-06-01,Madison,2.0
2019-06-01,Marion,1.0
2019-06-01,Martin,0.0
2019-06-01,Mason,0.0
2019-06-01,Matagorda,4.0
2019-06-01,Maverick,2.0
2019-06-01,Medina,3.0
2019-06-01,Menard,0.0
2019-06-01,Midland,4.0
2019-06-01,Milam,1.0
2019-06-01,Mills,1.0
2019-06-01,Mitchell,0.0
2019-06-01,Montague,2.0
2019-06-01,Montgomery,10.0
2019-06-01,Moore,1.0
2019-06-01,Morris,1.0
2019-06-01,Motley,0.0
2019-06-01,Nacogdoches,6.0
2019-06-01,Navarro,4.0
2019-06-01,Newton,1.0
2019-06-01,Nolan,1.0
2019-06-01,Nueces,12.0
2019-06-01,Ochiltree,0.0
2019-06-01,Oldham,0.0
2019-06-01,Orange,3.0
2019-06-01,Palo Pinto,3.0
2019-06-01,Panola,2.0
2019-06-01,Parker,8.0
2019-06-01,Parmer,1.0
2019-06-01,Pecos,1.0
2019-06-01,Polk,4.0
2019-06-01,Potter,6.0
2019-06-01,Presidio,0.0
2019-06-01,Rains,1.0
2019-06-01,Randall,3.0
2019-06-01,Reagan,0.0
2019-06-01,Real,0.0
2019-06-01,Red River,2.0
2019-06-01,Reeves,0.0
2019-06-01,Refugio,1.0
2019-06-01,Roberts,0.0
2019-06-01,Robertson,2.0
2019-06-01,Rockwall,5.0
2019-06-01,Runnels,1.0
2019-06-01,Rusk,3.0
2019-06-01,Sabine,2.0
2019-06-01,San Augustine,3.0
2019-06-01,San Jacinto,1.0
2019-06-01,San Patricio,2.0
2019-06-01,San Saba,0.0
2019-06-01,Schleicher,0.0
2019-06-01,Scurry,3.0
2019-06-01,Shackelford,0.0
2019-06-01,Shelby,3.0
2019-06-01,Sherman,0.0
2019-06-01,Smith,12.0
2019-06-01,Somervell,2.0
2019-06-01,Starr,2.0
2019-06-01,Stephens,2.0
2019-06-01,Sterling,1.0
2019-06-01,Stonewall,1.0
2019-06-01,Sutton,0.0
2019-06-01,Swisher,1.0
2019-06-01,Tarrant,65.0
2019-06-01,Taylor,7.0
2019-06-01,Terrell,0.0
2019-06-01,Terry,2.0
2019-06-01,Throckmorton,0.0
2019-06-01,Titus,3.0
2019-06-01,Tom Green,5.0
2019-06-01,Travis,24.0
2019-06-01,Trinity,3.0
2019-06-01,Tyler,2.0
2019-06-01,Upshur,2.0
2019-06-01,Upton,1.0
2019-06-01,Uvalde,3.0
2019-06-01,Val Verde,3.0
2019-06-01,Van Zandt,4.0
2019-06-01,Victoria,5.0
2019-06-01,Walker,2.0
2019-06-01,Waller,1.0
2019-06-01,Ward,1.0
2019-06-01,Washington,4.0
2019-06-01,Webb,5.0
2019-06-01,Wharton,4.0
2019-06-01,Wheeler,2.0
2019-06-01,Wichita,11.0
2019-06-01,Wilbarger,1.0
2019-06-01,Willacy,1.0
2019-06-01,Williamson,14.0
2019-06-01,Wilson,3.0
2019-06-01,Winkler,1.0
2019-06-01,Wise,3.0
2019-06-01,Wood,6.0
2019-06-01,Yoakum,1.0
2019-06-01,Young,4.0
2019-06-01,Zapata,0.0
2019-06-01,Zavala,0.0
2019-07-01,Anderson,3.0
2019-07-01,Andrews,1.0
2019-07-01,Angelina,8.0
2019-07-01,Aransas,2.0
2019-07-01,Archer,0.0
2019-07-01,Armstrong,0.0
2019-07-01,Atascosa,5.0
2019-07-01,Austin,1.0
2019-07-01,Bailey,1.0
2019-07-01,Bandera,2.0
2019-07-01,Bastrop,4.0
2019-07-01,Baylor,1.0
2019-07-01,Bee,1.0
2019-07-01,Bell,11.0
2019-07-01,Bexar,56.0
2019-07-01,Blanco,0.0
2019-07-01,Borden,0.0
2019-07-01,Bosque,3.0
2019-07-01,Bowie,7.0
2019-07-01,Brazoria,8.0
2019-07-01,Brazos,5.0
2019-07-01,Brewster,0.0
2019-07-01,Briscoe,0.0
2019-07-01,Brooks,1.0
2019-07-01,Brown,4.0
2019-07-01,Burleson,1.0
2019-07-01,Burnet,2.0
2019-07-01,Caldwell,5.0
2019-07-01,Calhoun,2.0
2019-07-01,Callahan,0.0
2019-07-01,Cameron,12.0
2019-07-01,Camp,2.0
2019-07-01,Carson,0.0
2019-07-01,Cass,4.0
2019-07-01,Castro,1.0
2019-07-01,Chambers,0.0
2019-07-01,Cherokee,7.0
2019-07-01,Childress,0.0
2019-07-01,Clay,0.0
2019-07-01,Cochran,0.0
2019-07-01,Coke,1.0
2019-07-01,Coleman,2.0
2019-07-01,Collin,27.0
2019-07-01,Collingsworth,2.0
2019-07-01,Colorado,4.0
2019-07-01,Comal,6.0
2019-07-01,Comanche,2.0
2019-07-01,Concho,2.0
2019-07-01,Cooke,4.0
2019-07-01,Coryell,2.0
2019-07-01,Cottle,0.0
2019-07-01,Crane,0.0
2019-07-01,Crockett,0.0
2019-07-01,Crosby,0.0
2019-07-01,Culberson,0.0
2019-07-01,Dallam,1.0
2019-07-01,Dallas,71.0
2019-07-01,Dawson,0.0
2019-07-01,Deaf Smith,0.0
2019-07-01,Delta,1.0
2019-07-01,Denton,17.0
2019-07-01,DeWitt,1.0
2019-07-01,Dickens,0.0
2019-07-01,Dimmit,2.0
2019-07-01,Donley,0.0
2019-07-01,Duval,1.0
2019-07-01,Eastland,4.0
2019-07-01,Ector,5.0
2019-07-01,Edwards,0.0
2019-07-01,Ellis,6.0
2019-07-01,El Paso,19.0
2019-07-01,Erath,2.0
2019-07-01,Falls,2.0
2019-07-01,Fannin,5.0
2019-07-01,Fayette,5.0
2019-07-01,Fisher,0.0
2019-07-01,Floyd,1.0
2019-07-01,Foard,0.0
2019-07-01,Fort Bend,18.0
2019-07-01,Franklin,1.0
2019-07-01,Freestone,2.0
2019-07-01,Frio,0.0
2019-07-01,Gaines,1.0
2019-07-01,Galveston,13.0
2019-07-01,Garza,1.0
2019-07-01,Gillespie,4.0
2019-07-01,Glasscock,0.0
2019-07-01,Goliad,1.0
2019-07-01,Gonzales,2.0
2019-07-01,Gray,3.0
2019-07-01,Grayson,10.0
2019-07-01,Gregg,12.0
2019-07-01,Grimes,3.0
2019-07-01,Guadalupe,5.0
2019-07-01,Hale,3.0
2019-07-01,Hall,0.0
2019-07-01,Hamilton,3.0
2019-07-01,Hansford,0.0
2019-07-01,Hardeman,0.0
2019-07-01,Hardin,4.0
2019-07-01,Harris,105.0
2019-07-01,Harrison,3.0
2019-07-01,Hartley,0.0
2019-07-01,Haskell,1.0
2019-07-01,Hays,5.0
2019-07-01,Hemphill,0.0
2019-07-01,Henderson,6.0
2019-07-01,Hidalgo,21.0
2019-07-01,Hill,3.0
2019-07-01,Hockley,2.0
2019-07-01,Hood,4.0
2019-07-01,Hopkins,3.0
2019-07-01,Houston,3.0
2019-07-01,Howard,2.0
2019-07-01,Hudspeth,0.0
2019-07-01,Hunt,4.0
2019-07-01,Hutchinson,1.0
2019-07-01,Irion,0.0
2019-07-01,Jack,0.0
2019-07-01,Jackson,2.0
2019-07-01,Jasper,2.0
2019-07-01,Jeff Davis,0.0
2019-07-01,Jefferson,12.0
2019-07-01,Jim Hogg,0.0
2019-07-01,Jim Wells,2.0
2019-07-01,Johnson,7.0
2019-07-01,Jones,1.0
2019-07-01,Karnes,1.0
2019-07-01,Kaufman,5.0
2019-07-01,Kendall,5.0
2019-07-01,Kenedy,0.0
2019-07-01,Kent,0.0
2019-07-01,Kerr,7.0
2019-07-01,Kimble,1.0
2019-07-01,King,0.0
2019-07-01,Kinney,0.0
2019-07-01,Kleberg,1.0
2019-07-01,Knox,0.0
2019-07-01,Lamar,5.0
2019-07-01,Lamb,2.0
2019-07-01,Lampasas,3.0
2019-07-01,La Salle,1.0
2019-07-01,Lavaca,6.0
2019-07-01,Lee,1.0
2019-07-01,Leon,1.0
2019-07-01,Liberty,4.0
2019-07-01,Limestone,7.0
2019-07-01,Lipscomb,0.0
2019-07-01,Live Oak,1.0
2019-07-01,Llano,2.0
2019-07-01,Loving,0.0
2019-07-01,Lubbock,11.0
2019-07-01,Lynn,1.0
2019-07-01,McCulloch,0.0
2019-07-01,McLennan,13.0
2019-07-01,McMullen,0.0
2019-07-01,Madison,2.0
2019-07-01,Marion,2.0
2019-07-01,Martin,0.0
2019-07-01,Mason,0.0
2019-07-01,Matagorda,4.0
2019-07-01,Maverick,2.0
2019-07-01,Medina,2.0
2019-07-01,Menard,0.0
2019-07-01,Midland,3.0
2019-07-01,Milam,1.0
2019-07-01,Mills,0.0
2019-07-01,Mitchell,1.0
2019-07-01,Montague,2.0
2019-07-01,Montgomery,9.0
2019-07-01,Moore,2.0
2019-07-01,Morris,1.0
2019-07-01,Motley,0.0
2019-07-01,Nacogdoches,7.0
2019-07-01,Navarro,4.0
2019-07-01,Newton,1.0
2019-07-01,Nolan,2.0
2019-07-01,Nueces,15.0
2019-07-01,Ochiltree,0.0
2019-07-01,Oldham,0.0
2019-07-01,Orange,3.0
2019-07-01,Palo Pinto,3.0
2019-07-01,Panola,3.0
2019-07-01,Parker,8.0
2019-07-01,Parmer,2.0
2019-07-01,Pecos,1.0
2019-07-01,Polk,4.0
2019-07-01,Potter,5.0
2019-07-01,Presidio,0.0
2019-07-01,Rains,1.0
2019-07-01,Randall,2.0
2019-07-01,Reagan,0.0
2019-07-01,Real,0.0
2019-07-01,Red River,2.0
2019-07-01,Reeves,1.0
2019-07-01,Refugio,0.0
2019-07-01,Roberts,0.0
2019-07-01,Robertson,2.0
2019-07-01,Rockwall,6.0
2019-07-01,Runnels,1.0
2019-07-01,Rusk,3.0
2019-07-01,Sabine,2.0
2019-07-01,San Augustine,3.0
2019-07-01,San Jacinto,1.0
2019-07-01,San Patricio,2.0
2019-07-01,San Saba,0.0
2019-07-01,Schleicher,0.0
2019-07-01,Scurry,3.0
2019-07-01,Shackelford,0.0
2019-07-01,Shelby,3.0
2019-07-01,Sherman,0.0
2019-07-01,Smith,13.0
2019-07-01,Somervell,2.0
2019-07-01,Starr,2.0
2019-07-01,Stephens,1.0
2019-07-01,Sterling,1.0
2019-07-01,Stonewall,1.0
2019-07-01,Sutton,0.0
2019-07-01,Swisher,2.0
2019-07-01,Tarrant,64.0
2019-07-01,Taylor,6.0
2019-07-01,Terrell,0.0
2019-07-01,Terry,1.0
2019-07-01,Throckmorton,0.0
2019-07-01,Titus,3.0
2019-07-01,Tom Green,5.0
2019-07-01,Travis,25.0
2019-07-01,Trinity,3.0
2019-07-01,Tyler,2.0
2019-07-01,Upshur,2.0
2019-07-01,Upton,0.0
2019-07-01,Uvalde,3.0
2019-07-01,Val Verde,3.0
2019-07-01,Van Zandt,4.0
2019-07-01,Victoria,4.0
2019-07-01,Walker,3.0
2019-07-01,Waller,0.0
2019-07-01,Ward,0.0
2019-07-01,Washington,4.0
2019-07-01,Webb,5.0
2019-07-01,Wharton,4.0
2019-07-01,Wheeler,0.0
2019-07-01,Wichita,9.0
2019-07-01,Wilbarger,2.0
2019-07-01,Willacy,1.0
2019-07-01,Williamson,15.0
2019-07-01,Wilson,1.0
2019-07-01,Winkler,1.0
2019-07-01,Wise,3.0
2019-07-01,Wood,7.0
2019-07-01,Yoakum,1.0
2019-07-01,Young,3.0
2019-07-01,Zapata,0.0
2019-07-01,Zavala,0.0
2019-08-01,Anderson,4.0
2019-08-01,Andrews,0.0
2019-08-01,Angelina,8.0
2019-08-01,Aransas,2.0
2019-08-01,Archer,0.0
2019-08-01,Armstrong,0.0
2019-08-01,Atascosa,5.0
2019-08-01,Austin,2.0
2019-08-01,Bailey,1.0
2019-08-01,Bandera,1.0
2019-08-01,Bastrop,4.0
2019-08-01,Baylor,1.0
2019-08-01,Bee,2.0
2019-08-01,Bell,11.0
2019-08-01,Bexar,54.0
2019-08-01,Blanco,0.0
2019-08-01,Borden,0.0
2019-08-01,Bosque,3.0
2019-08-01,Bowie,7.0
2019-08-01,Brazoria,8.0
2019-08-01,Brazos,6.0
2019-08-01,Brewster,0.0
2019-08-01,Briscoe,0.0
2019-08-01,Brooks,0.0
2019-08-01,Brown,6.0
2019-08-01,Burleson,1.0
2019-08-01,Burnet,3.0
2019-08-01,Caldwell,5.0
2019-08-01,Calhoun,2.0
2019-08-01,Callahan,1.0
2019-08-01,Cameron,12.0
2019-08-01,Camp,2.0
2019-08-01,Carson,0.0
2019-08-01,Cass,4.0
2019-08-01,Castro,1.0
2019-08-01,Chambers,0.0
2019-08-01,Cherokee,8.0
2019-08-01,Childress,0.0
2019-08-01,Clay,1.0
2019-08-01,Cochran,0.0
2019-08-01,Coke,1.0
2019-08-01,Coleman,2.0
2019-08-01,Collin,26.0
2019-08-01,Collingsworth,1.0
2019-08-01,Colorado,4.0
2019-08-01,Comal,6.0
2019-08-01,Comanche,2.0
2019-08-01,Concho,2.0
2019-08-01,Cooke,4.0
2019-08-01,Coryell,2.0
2019-08-01,Cottle,0.0
2019-08-01,Crane,0.0
2019-08-01,Crockett,0.0
2019-08-01,Crosby,0.0
2019-08-01,Culberson,0.0
2019-08-01,Dallam,1.0
2019-08-01,Dallas,69.0
2019-08-01,Dawson,1.0
2019-08-01,Deaf Smith,1.0
2019-08-01,Delta,1.0
2019-08-01,Denton,16.0
2019-08-01,DeWitt,1.0
2019-08-01,Dickens,0.0
2019-08-01,Dimmit,2.0
2019-08-01,Donley,0.0
2019-08-01,Duval,1.0
2019-08-01,Eastland,4.0
2019-08-01,Ector,5.0
2019-08-01,Edwards,0.0
2019-08-01,Ellis,7.0
2019-08-01,El Paso,19.0
2019-08-01,Erath,2.0
2019-08-01,Falls,2.0
2019-08-01,Fannin,7.0
2019-08-01,Fayette,5.0
2019-08-01,Fisher,0.0
2019-08-01,Floyd,1.0
2019-08-01,Foard,0.0
2019-08-01,Fort Bend,18.0
2019-08-01,Franklin,0.0
2019-08-01,Freestone,2.0
2019-08-01,Frio,0.0
2019-08-01,Gaines,1.0
2019-08-01,Galveston,13.0
2019-08-01,Garza,1.0
2019-08-01,Gillespie,4.0
2019-08-01,Glasscock,0.0
2019-08-01,Goliad,1.0
2019-08-01,Gonzales,2.0
2019-08-01,Gray,0.0
2019-08-01,Grayson,10.0
2019-08-01,Gregg,12.0
2019-08-01,Grimes,2.0
2019-08-01,Guadalupe,7.0
2019-08-01,Hale,2.0
2019-08-01,Hall,0.0
2019-08-01,Hamilton,3.0
2019-08-01,Hansford,0.0
2019-08-01,Hardeman,0.0
2019-08-01,Hardin,4.0
2019-08-01,Harris,101.0
2019-08-01,Harrison,3.0
2019-08-01,Hartley,0.0
2019-08-01,Haskell,1.0
2019-08-01,Hays,5.0
2019-08-01,Hemphill,0.0
2019-08-01,Henderson,7.0
2019-08-01,Hidalgo,21.0
2019-08-01,Hill,3.0
2019-08-01,Hockley,2.0
2019-08-01,Hood,4.0
2019-08-01,Hopkins,3.0
2019-08-01,Houston,2.0
2019-08-01,Howard,3.0
2019-08-01,Hudspeth,0.0
2019-08-01,Hunt,5.0
2019-08-01,Hutchinson,1.0
2019-08-01,Irion,0.0
2019-08-01,Jack,0.0
2019-08-01,Jackson,3.0
2019-08-01,Jasper,2.0
2019-08-01,Jeff Davis,0.0
2019-08-01,Jefferson,11.0
2019-08-01,Jim Hogg,0.0
2019-08-01,Jim Wells,2.0
2019-08-01,Johnson,8.0
2019-08-01,Jones,1.0
2019-08-01,Karnes,1.0
2019-08-01,Kaufman,7.0
2019-08-01,Kendall,6.0
2019-08-01,Kenedy,0.0
2019-08-01,Kent,0.0
2019-08-01,Kerr,7.0
2019-08-01,Kimble,1.0
2019-08-01,King,0.0
2019-08-01,Kinney,0.0
2019-08-01,Kleberg,2.0
2019-08-01,Knox,0.0
2019-08-01,Lamar,4.0
2019-08-01,Lamb,2.0
2019-08-01,Lampasas,3.0
2019-08-01,La Salle,1.0
2019-08-01,Lavaca,4.0
2019-08-01,Lee,2.0
2019-08-01,Leon,1.0
2019-08-01,Liberty,5.0
2019-08-01,Limestone,3.0
2019-08-01,Lipscomb,0.0
2019-08-01,Live Oak,1.0
2019-08-01,Llano,2.0
2019-08-01,Loving,0.0
2019-08-01,Lubbock,11.0
2019-08-01,Lynn,1.0
2019-08-01,McCulloch,0.0
2019-08-01,McLennan,13.0
2019-08-01,McMullen,0.0
2019-08-01,Madison,2.0
2019-08-01,Marion,1.0
2019-08-01,Martin,0.0
2019-08-01,Mason,0.0
2019-08-01,Matagorda,2.0
2019-08-01,Maverick,2.0
2019-08-01,Medina,4.0
2019-08-01,Menard,0.0
2019-08-01,Midland,4.0
2019-08-01,Milam,1.0
2019-08-01,Mills,1.0
2019-08-01,Mitchell,1.0
2019-08-01,Montague,2.0
2019-08-01,Montgomery,9.0
2019-08-01,Moore,1.0
2019-08-01,Morris,1.0
2019-08-01,Motley,0.0
2019-08-01,Nacogdoches,7.0
2019-08-01,Navarro,4.0
2019-08-01,Newton,1.0
2019-08-01,Nolan,1.0
2019-08-01,Nueces,13.0
2019-08-01,Ochiltree,0.0
2019-08-01,Oldham,0.0
2019-08-01,Orange,3.0
2019-08-01,Palo Pinto,3.0
2019-08-01,Panola,3.0
2019-08-01,Parker,8.0
2019-08-01,Parmer,2.0
2019-08-01,Pecos,1.0
2019-08-01,Polk,4.0
2019-08-01,Potter,5.0
2019-08-01,Presidio,0.0
2019-08-01,Rains,0.0
2019-08-01,Randall,3.0
2019-08-01,Reagan,0.0
2019-08-01,Real,0.0
2019-08-01,Red River,2.0
2019-08-01,Reeves,1.0
2019-08-01,Refugio,0.0
2019-08-01,Roberts,0.0
2019-08-01,Robertson,2.0
2019-08-01,Rockwall,6.0
2019-08-01,Runnels,1.0
2019-08-01,Rusk,2.0
2019-08-01,Sabine,2.0
2019-08-01,San Augustine,3.0
2019-08-01,San Jacinto,1.0
2019-08-01,San Patricio,2.0
2019-08-01,San Saba,0.0
2019-08-01,Schleicher,0.0
2019-08-01,Scurry,3.0
2019-08-01,Shackelford,0.0
2019-08-01,Shelby,3.0
2019-08-01,Sherman,0.0
2019-08-01,Smith,13.0
2019-08-01,Somervell,2.0
2019-08-01,Starr,2.0
2019-08-01,Stephens,0.0
2019-08-01,Sterling,1.0
2019-08-01,Stonewall,1.0
2019-08-01,Sutton,0.0
2019-08-01,Swisher,2.0
2019-08-01,Tarrant,64.0
2019-08-01,Taylor,5.0
2019-08-01,Terrell,0.0
2019-08-01,Terry,1.0
2019-08-01,Throckmorton,0.0
2019-08-01,Titus,3.0
2019-08-01,Tom Green,5.0
2019-08-01,Travis,23.0
2019-08-01,Trinity,3.0
2019-08-01,Tyler,2.0
2019-08-01,Upshur,2.0
2019-08-01,Upton,0.0
2019-08-01,Uvalde,2.0
2019-08-01,Val Verde,3.0
2019-08-01,Van Zandt,4.0
2019-08-01,Victoria,4.0
2019-08-01,Walker,3.0
2019-08-01,Waller,0.0
2019-08-01,Ward,1.0
2019-08-01,Washington,3.0
2019-08-01,Webb,5.0
2019-08-01,Wharton,4.0
2019-08-01,Wheeler,0.0
2019-08-01,Wichita,8.0
2019-08-01,Wilbarger,2.0
2019-08-01,Willacy,1.0
2019-08-01,Williamson,14.0
2019-08-01,Wilson,2.0
2019-08-01,Winkler,1.0
2019-08-01,Wise,3.0
2019-08-01,Wood,4.0
2019-08-01,Yoakum,0.0
2019-08-01,Young,3.0
2019-08-01,Zapata,0.0
2019-08-01,Zavala,0.0
2019-09-01,Anderson,4.0
2019-09-01,Andrews,0.0
2019-09-01,Angelina,8.0
2019-09-01,Aransas,2.0
2019-09-01,Archer,0.0
2019-09-01,Armstrong,0.0
2019-09-01,Atascosa,4.0
2019-09-01,Austin,2.0
2019-09-01,Bailey,1.0
2019-09-01,Bandera,1.0
2019-09-01,Bastrop,4.0
2019-09-01,Baylor,0.0
2019-09-01,Bee,2.0
2019-09-01,Bell,10.0
2019-09-01,Bexar,55.0
2019-09-01,Blanco,0.0
2019-09-01,Borden,0.0
2019-09-01,Bosque,2.0
2019-09-01,Bowie,7.0
2019-09-01,Brazoria,8.0
2019-09-01,Brazos,5.0
2019-09-01,Brewster,0.0
2019-09-01,Briscoe,0.0
2019-09-01,Brooks,1.0
2019-09-01,Brown,6.0
2019-09-01,Burleson,2.0
2019-09-01,Burnet,3.0
2019-09-01,Caldwell,5.0
2019-09-01,Calhoun,2.0
2019-09-01,Callahan,1.0
2019-09-01,Cameron,12.0
2019-09-01,Camp,0.0
2019-09-01,Carson,0.0
2019-09-01,Cass,4.0
2019-09-01,Castro,1.0
2019-09-01,Chambers,0.0
2019-09-01,Cherokee,4.0
2019-09-01,Childress,1.0
2019-09-01,Clay,2.0
2019-09-01,Cochran,0.0
2019-09-01,Coke,1.0
2019-09-01,Coleman,2.0
2019-09-01,Collin,27.0
2019-09-01,Collingsworth,0.0
2019-09-01,Colorado,2.0
2019-09-01,Comal,6.0
2019-09-01,Comanche,2.0
2019-09-01,Concho,2.0
2019-09-01,Cooke,4.0
2019-09-01,Coryell,2.0
2019-09-01,Cottle,0.0
2019-09-01,Crane,0.0
2019-09-01,Crockett,0.0
2019-09-01,Crosby,0.0
2019-09-01,Culberson,0.0
2019-09-01,Dallam,0.0
2019-09-01,Dallas,61.0
2019-09-01,Dawson,1.0
2019-09-01,Deaf Smith,2.0
2019-09-01,Delta,1.0
2019-09-01,Denton,15.0
2019-09-01,DeWitt,1.0
2019-09-01,Dickens,0.0
2019-09-01,Dimmit,2.0
2019-09-01,Donley,0.0
2019-09-01,Duval,1.0
2019-09-01,Eastland,4.0
2019-09-01,Ector,5.0
2019-09-01,Edwards,0.0
2019-09-01,Ellis,7.0
2019-09-01,El Paso,19.0
2019-09-01,Erath,2.0
2019-09-01,Falls,2.0
2019-09-01,Fannin,7.0
2019-09-01,Fayette,5.0
2019-09-01,Fisher,0.0
2019-09-01,Floyd,1.0
2019-09-01,Foard,1.0
2019-09-01,Fort Bend,18.0
2019-09-01,Franklin,0.0
2019-09-01,Freestone,2.0
2019-09-01,Frio,1.0
2019-09-01,Gaines,1.0
2019-09-01,Galveston,13.0
2019-09-01,Garza,1.0
2019-09-01,Gillespie,4.0
2019-09-01,Glasscock,0.0
2019-09-01,Goliad,1.0
2019-09-01,Gonzales,2.0
2019-09-01,Gray,1.0
2019-09-01,Grayson,9.0
2019-09-01,Gregg,11.0
2019-09-01,Grimes,1.0
2019-09-01,Guadalupe,7.0
2019-09-01,Hale,2.0
2019-09-01,Hall,0.0
2019-09-01,Hamilton,1.0
2019-09-01,Hansford,0.0
2019-09-01,Hardeman,0.0
2019-09-01,Hardin,4.0
2019-09-01,Harris,103.0
2019-09-01,Harrison,3.0
2019-09-01,Hartley,0.0
2019-09-01,Haskell,2.0
2019-09-01,Hays,5.0
2019-09-01,Hemphill,0.0
2019-09-01,Henderson,6.0
2019-09-01,Hidalgo,20.0
2019-09-01,Hill,4.0
2019-09-01,Hockley,2.0
2019-09-01,Hood,4.0
2019-09-01,Hopkins,3.0
2019-09-01,Houston,1.0
2019-09-01,Howard,3.0
2019-09-01,Hudspeth,0.0
2019-09-01,Hunt,5.0
2019-09-01,Hutchinson,2.0
2019-09-01,Irion,0.0
2019-09-01,Jack,0.0
2019-09-01,Jackson,2.0
2019-09-01,Jasper,2.0
2019-09-01,Jeff Davis,0.0
2019-09-01,Jefferson,7.0
2019-09-01,Jim Hogg,0.0
2019-09-01,Jim Wells,2.0
2019-09-01,Johnson,8.0
2019-09-01,Jones,1.0
2019-09-01,Karnes,1.0
2019-09-01,Kaufman,4.0
2019-09-01,Kendall,6.0
2019-09-01,Kenedy,0.0
2019-09-01,Kent,0.0
2019-09-01,Kerr,7.0
2019-09-01,Kimble,1.0
2019-09-01,King,0.0
2019-09-01,Kinney,0.0
2019-09-01,Kleberg,2.0
2019-09-01,Knox,0.0
2019-09-01,Lamar,4.0
2019-09-01,Lamb,2.0
2019-09-01,Lampasas,1.0
2019-09-01,La Salle,1.0
2019-09-01,Lavaca,2.0
2019-09-01,Lee,2.0
2019-09-01,Leon,1.0
2019-09-01,Liberty,4.0
2019-09-01,Limestone,2.0
2019-09-01,Lipscomb,0.0
2019-09-01,Live Oak,1.0
2019-09-01,Llano,1.0
2019-09-01,Loving,0.0
2019-09-01,Lubbock,11.0
2019-09-01,Lynn,1.0
2019-09-01,McCulloch,1.0
2019-09-01,McLennan,13.0
2019-09-01,McMullen,0.0
2019-09-01,Madison,1.0
2019-09-01,Marion,1.0
2019-09-01,Martin,1.0
2019-09-01,Mason,0.0
2019-09-01,Matagorda,2.0
2019-09-01,Maverick,2.0
2019-09-01,Medina,5.0
2019-09-01,Menard,0.0
2019-09-01,Midland,4.0
2019-09-01,Milam,0.0
2019-09-01,Mills,1.0
2019-09-01,Mitchell,1.0
2019-09-01,Montague,2.0
2019-09-01,Montgomery,9.0
2019-09-01,Moore,1.0
2019-09-01,Morris,1.0
2019-09-01,Motley,0.0
2019-09-01,Nacogdoches,7.0
2019-09-01,Navarro,4.0
2019-09-01,Newton,0.0
2019-09-01,Nolan,2.0
2019-09-01,Nueces,13.0
2019-09-01,Ochiltree,0.0
2019-09-01,Oldham,0.0
2019-09-01,Orange,3.0
2019-09-01,Palo Pinto,3.0
2019-09-01,Panola,2.0
2019-09-01,Parker,8.0
2019-09-01,Parmer,2.0
2019-09-01,Pecos,1.0
2019-09-01,Polk,4.0
2019-09-01,Potter,5.0
2019-09-01,Presidio,0.0
2019-09-01,Rains,1.0
2019-09-01,Randall,3.0
2019-09-01,Reagan,0.0
2019-09-01,Real,0.0
2019-09-01,Red River,2.0
2019-09-01,Reeves,1.0
2019-09-01,Refugio,1.0
2019-09-01,Roberts,0.0
2019-09-01,Robertson,2.0
2019-09-01,Rockwall,5.0
2019-09-01,Runnels,2.0
2019-09-01,Rusk,3.0
2019-09-01,Sabine,2.0
2019-09-01,San Augustine,3.0
2019-09-01,San Jacinto,1.0
2019-09-01,San Patricio,2.0
2019-09-01,San Saba,0.0
2019-09-01,Schleicher,0.0
2019-09-01,Scurry,3.0
2019-09-01,Shackelford,0.0
2019-09-01,Shelby,3.0
2019-09-01,Sherman,0.0
2019-09-01,Smith,13.0
2019-09-01,Somervell,1.0
2019-09-01,Starr,2.0
2019-09-01,Stephens,1.0
2019-09-01,Sterling,1.0
2019-09-01,Stonewall,1.0
2019-09-01,Sutton,0.0
2019-09-01,Swisher,1.0
2019-09-01,Tarrant,64.0
2019-09-01,Taylor,7.0
2019-09-01,Terrell,0.0
2019-09-01,Terry,1.0
2019-09-01,Throckmorton,0.0
2019-09-01,Titus,2.0
2019-09-01,Tom Green,6.0
2019-09-01,Travis,26.0
2019-09-01,Trinity,3.0
2019-09-01,Tyler,2.0
2019-09-01,Upshur,2.0
2019-09-01,Upton,0.0
2019-09-01,Uvalde,2.0
2019-09-01,Val Verde,3.0
2019-09-01,Van Zandt,4.0
2019-09-01,Victoria,4.0
2019-09-01,Walker,3.0
2019-09-01,Waller,0.0
2019-09-01,Ward,1.0
2019-09-01,Washington,4.0
2019-09-01,Webb,5.0
2019-09-01,Wharton,4.0
2019-09-01,Wheeler,0.0
2019-09-01,Wichita,8.0
2019-09-01,Wilbarger,2.0
2019-09-01,Willacy,1.0
2019-09-01,Williamson,13.0
2019-09-01,Wilson,3.0
2019-09-01,Winkler,1.0
2019-09-01,Wise,2.0
2019-09-01,Wood,4.0
2019-09-01,Yoakum,1.0
2019-09-01,Young,3.0
2019-09-01,Zapata,0.0
2019-09-01,Zavala,0.0
2019-10-01,Anderson,4.0
2019-10-01,Andrews,0.0
2019-10-01,Angelina,8.0
2019-10-01,Aransas,2.0
2019-10-01,Archer,0.0
2019-10-01,Armstrong,0.0
2019-10-01,Atascosa,4.0
2019-10-01,Austin,1.0
2019-10-01,Bailey,1.0
2019-10-01,Bandera,2.0
2019-10-01,Bastrop,4.0
2019-10-01,Baylor,0.0
2019-10-01,Bee,2.0
2019-10-01,Bell,9.0
2019-10-01,Bexar,52.0
2019-10-01,Blanco,0.0
2019-10-01,Borden,0.0
2019-10-01,Bosque,1.0
2019-10-01,Bowie,7.0
2019-10-01,Brazoria,9.0
2019-10-01,Brazos,6.0
2019-10-01,Brewster,1.0
2019-10-01,Briscoe,0.0
2019-10-01,Brooks,1.0
2019-10-01,Brown,5.0
2019-10-01,Burleson,2.0
2019-10-01,Burnet,2.0
2019-10-01,Caldwell,5.0
2019-10-01,Calhoun,1.0
2019-10-01,Callahan,1.0
2019-10-01,Cameron,12.0
2019-10-01,Camp,0.0
2019-10-01,Carson,0.0
2019-10-01,Cass,4.0
2019-10-01,Castro,1.0
2019-10-01,Chambers,0.0
2019-10-01,Cherokee,3.0
2019-10-01,Childress,1.0
2019-10-01,Clay,2.0
2019-10-01,Cochran,0.0
2019-10-01,Coke,1.0
2019-10-01,Coleman,2.0
2019-10-01,Collin,26.0
2019-10-01,Collingsworth,0.0
2019-10-01,Colorado,3.0
2019-10-01,Comal,6.0
2019-10-01,Comanche,2.0
2019-10-01,Concho,1.0
2019-10-01,Cooke,4.0
2019-10-01,Coryell,3.0
2019-10-01,Cottle,0.0
2019-10-01,Crane,1.0
2019-10-01,Crockett,0.0
2019-10-01,Crosby,0.0
2019-10-01,Culberson,0.0
2019-10-01,Dallam,0.0
2019-10-01,Dallas,59.0
2019-10-01,Dawson,0.0
2019-10-01,Deaf Smith,2.0
2019-10-01,Delta,0.0
2019-10-01,Denton,16.0
2019-10-01,DeWitt,2.0
2019-10-01,Dickens,0.0
2019-10-01,Dimmit,2.0
2019-10-01,Donley,0.0
2019-10-01,Duval,1.0
2019-10-01,Eastland,5.0
2019-10-01,Ector,5.0
2019-10-01,Edwards,0.0
2019-10-01,Ellis,7.0
2019-10-01,El Paso,19.0
2019-10-01,Erath,3.0
2019-10-01,Falls,1.0
2019-10-01,Fannin,4.0
2019-10-01,Fayette,3.0
2019-10-01,Fisher,0.0
2019-10-01,Floyd,1.0
2019-10-01,Foard,1.0
2019-10-01,Fort Bend,16.0
2019-10-01,Franklin,0.0
2019-10-01,Freestone,2.0
2019-10-01,Frio,2.0
2019-10-01,Gaines,1.0
2019-10-01,Galveston,13.0
2019-10-01,Garza,1.0
2019-10-01,Gillespie,4.0
2019-10-01,Glasscock,0.0
2019-10-01,Goliad,0.0
2019-10-01,Gonzales,3.0
2019-10-01,Gray,1.0
2019-10-01,Grayson,9.0
2019-10-01,Gregg,12.0
2019-10-01,Grimes,2.0
2019-10-01,Guadalupe,6.0
2019-10-01,Hale,2.0
2019-10-01,Hall,1.0
2019-10-01,Hamilton,1.0
2019-10-01,Hansford,0.0
2019-10-01,Hardeman,0.0
2019-10-01,Hardin,3.0
2019-10-01,Harris,106.0
2019-10-01,Harrison,3.0
2019-10-01,Hartley,0.0
2019-10-01,Haskell,2.0
2019-10-01,Hays,5.0
2019-10-01,Hemphill,0.0
2019-10-01,Henderson,6.0
2019-10-01,Hidalgo,18.0
2019-10-01,Hill,3.0
2019-10-01,Hockley,2.0
2019-10-01,Hood,4.0
2019-10-01,Hopkins,4.0
2019-10-01,Houston,1.0
2019-10-01,Howard,2.0
2019-10-01,Hudspeth,0.0
2019-10-01,Hunt,4.0
2019-10-01,Hutchinson,2.0
2019-10-01,Irion,0.0
2019-10-01,Jack,1.0
2019-10-01,Jackson,3.0
2019-10-01,Jasper,3.0
2019-10-01,Jeff Davis,0.0
2019-10-01,Jefferson,6.0
2019-10-01,Jim Hogg,1.0
2019-10-01,Jim Wells,2.0
2019-10-01,Johnson,8.0
2019-10-01,Jones,0.0
2019-10-01,Karnes,1.0
2019-10-01,Kaufman,2.0
2019-10-01,Kendall,4.0
2019-10-01,Kenedy,0.0
2019-10-01,Kent,0.0
2019-10-01,Kerr,7.0
2019-10-01,Kimble,1.0
2019-10-01,King,0.0
2019-10-01,Kinney,0.0
2019-10-01,Kleberg,2.0
2019-10-01,Knox,0.0
2019-10-01,Lamar,5.0
2019-10-01,Lamb,1.0
2019-10-01,Lampasas,1.0
2019-10-01,La Salle,1.0
2019-10-01,Lavaca,2.0
2019-10-01,Lee,1.0
2019-10-01,Leon,0.0
2019-10-01,Liberty,4.0
2019-10-01,Limestone,2.0
2019-10-01,Lipscomb,0.0
2019-10-01,Live Oak,1.0
2019-10-01,Llano,1.0
2019-10-01,Loving,0.0
2019-10-01,Lubbock,12.0
2019-10-01,Lynn,1.0
2019-10-01,McCulloch,1.0
2019-10-01,McLennan,11.0
2019-10-01,McMullen,0.0
2019-10-01,Madison,0.0
2019-10-01,Marion,1.0
2019-10-01,Martin,1.0
2019-10-01,Mason,0.0
2019-10-01,Matagorda,2.0
2019-10-01,Maverick,2.0
2019-10-01,Medina,5.0
2019-10-01,Menard,1.0
2019-10-01,Midland,3.0
2019-10-01,Milam,1.0
2019-10-01,Mills,0.0
2019-10-01,Mitchell,0.0
2019-10-01,Montague,1.0
2019-10-01,Montgomery,9.0
2019-10-01,Moore,1.0
2019-10-01,Morris,1.0
2019-10-01,Motley,0.0
2019-10-01,Nacogdoches,7.0
2019-10-01,Navarro,3.0
2019-10-01,Newton,0.0
2019-10-01,Nolan,2.0
2019-10-01,Nueces,13.0
2019-10-01,Ochiltree,0.0
2019-10-01,Oldham,0.0
2019-10-01,Orange,3.0
2019-10-01,Palo Pinto,2.0
2019-10-01,Panola,2.0
2019-10-01,Parker,8.0
2019-10-01,Parmer,1.0
2019-10-01,Pecos,1.0
2019-10-01,Polk,4.0
2019-10-01,Potter,5.0
2019-10-01,Presidio,0.0
2019-10-01,Rains,0.0
2019-10-01,Randall,3.0
2019-10-01,Reagan,0.0
2019-10-01,Real,0.0
2019-10-01,Red River,2.0
2019-10-01,Reeves,0.0
2019-10-01,Refugio,1.0
2019-10-01,Roberts,0.0
2019-10-01,Robertson,2.0
2019-10-01,Rockwall,5.0
2019-10-01,Runnels,3.0
2019-10-01,Rusk,3.0
2019-10-01,Sabine,2.0
2019-10-01,San Augustine,3.0
2019-10-01,San Jacinto,1.0
2019-10-01,San Patricio,2.0
2019-10-01,San Saba,0.0
2019-10-01,Schleicher,0.0
2019-10-01,Scurry,3.0
2019-10-01,Shackelford,0.0
2019-10-01,Shelby,3.0
2019-10-01,Sherman,0.0
2019-10-01,Smith,13.0
2019-10-01,Somervell,2.0
2019-10-01,Starr,2.0
2019-10-01,Stephens,1.0
2019-10-01,Sterling,1.0
2019-10-01,Stonewall,1.0
2019-10-01,Sutton,0.0
2019-10-01,Swisher,1.0
2019-10-01,Tarrant,62.0
2019-10-01,Taylor,7.0
2019-10-01,Terrell,0.0
2019-10-01,Terry,2.0
2019-10-01,Throckmorton,0.0
2019-10-01,Titus,1.0
2019-10-01,Tom Green,6.0
2019-10-01,Travis,25.0
2019-10-01,Trinity,2.0
2019-10-01,Tyler,2.0
2019-10-01,Upshur,2.0
2019-10-01,Upton,0.0
2019-10-01,Uvalde,2.0
2019-10-01,Val Verde,3.0
2019-10-01,Van Zandt,3.0
2019-10-01,Victoria,4.0
2019-10-01,Walker,4.0
2019-10-01,Waller,0.0
2019-10-01,Ward,0.0
2019-10-01,Washington,3.0
2019-10-01,Webb,5.0
2019-10-01,Wharton,3.0
2019-10-01,Wheeler,1.0
2019-10-01,Wichita,8.0
2019-10-01,Wilbarger,0.0
2019-10-01,Willacy,1.0
2019-10-01,Williamson,12.0
2019-10-01,Wilson,4.0
2019-10-01,Winkler,0.0
2019-10-01,Wise,2.0
2019-10-01,Wood,4.0
2019-10-01,Yoakum,2.0
2019-10-01,Young,3.0
2019-10-01,Zapata,1.0
2019-10-01,Zavala,0.0
2019-11-01,Anderson,4.0
2019-11-01,Andrews,0.0
2019-11-01,Angelina,8.0
2019-11-01,Aransas,1.0
2019-11-01,Archer,1.0
2019-11-01,Armstrong,0.0
2019-11-01,Atascosa,3.0
2019-11-01,Austin,2.0
2019-11-01,Bailey,2.0
2019-11-01,Bandera,2.0
2019-11-01,Bastrop,4.0
2019-11-01,Baylor,1.0
2019-11-01,Bee,2.0
2019-11-01,Bell,9.0
2019-11-01,Bexar,51.0
2019-11-01,Blanco,0.0
2019-11-01,Borden,0.0
2019-11-01,Bosque,1.0
2019-11-01,Bowie,7.0
2019-11-01,Brazoria,9.0
2019-11-01,Brazos,5.0
2019-11-01,Brewster,1.0
2019-11-01,Briscoe,0.0
2019-11-01,Brooks,1.0
2019-11-01,Brown,6.0
2019-11-01,Burleson,1.0
2019-11-01,Burnet,2.0
2019-11-01,Caldwell,4.0
2019-11-01,Calhoun,2.0
2019-11-01,Callahan,1.0
2019-11-01,Cameron,12.0
2019-11-01,Camp,0.0
2019-11-01,Carson,0.0
2019-11-01,Cass,4.0
2019-11-01,Castro,1.0
2019-11-01,Chambers,1.0
2019-11-01,Cherokee,2.0
2019-11-01,Childress,2.0
2019-11-01,Clay,1.0
2019-11-01,Cochran,0.0
2019-11-01,Coke,0.0
2019-11-01,Coleman,2.0
2019-11-01,Collin,23.0
2019-11-01,Collingsworth,0.0
2019-11-01,Colorado,3.0
2019-11-01,Comal,6.0
2019-11-01,Comanche,2.0
2019-11-01,Concho,1.0
2019-11-01,Cooke,4.0
2019-11-01,Coryell,3.0
2019-11-01,Cottle,0.0
2019-11-01,Crane,1.0
2019-11-01,Crockett,0.0
2019-11-01,Crosby,0.0
2019-11-01,Culberson,0.0
2019-11-01,Dallam,0.0
2019-11-01,Dallas,58.0
2019-11-01,Dawson,0.0
2019-11-01,Deaf Smith,1.0
2019-11-01,Delta,1.0
2019-11-01,Denton,16.0
2019-11-01,DeWitt,3.0
2019-11-01,Dickens,0.0
2019-11-01,Dimmit,1.0
2019-11-01,Donley,0.0
2019-11-01,Duval,1.0
2019-11-01,Eastland,3.0
2019-11-01,Ector,5.0
2019-11-01,Edwards,0.0
2019-11-01,Ellis,7.0
2019-11-01,El Paso,20.0
2019-11-01,Erath,4.0
2019-11-01,Falls,0.0
2019-11-01,Fannin,4.0
2019-11-01,Fayette,3.0
2019-11-01,Fisher,0.0
2019-11-01,Floyd,2.0
2019-11-01,Foard,1.0
2019-11-01,Fort Bend,17.0
2019-11-01,Franklin,0.0
2019-11-01,Freestone,2.0
2019-11-01,Frio,2.0
2019-11-01,Gaines,1.0
2019-11-01,Galveston,13.0
2019-11-01,Garza,1.0
2019-11-01,Gillespie,4.0
2019-11-01,Glasscock,0.0
2019-11-01,Goliad,1.0
2019-11-01,Gonzales,2.0
2019-11-01,Gray,1.0
2019-11-01,Grayson,8.0
2019-11-01,Gregg,13.0
2019-11-01,Grimes,1.0
2019-11-01,Guadalupe,6.0
2019-11-01,Hale,2.0
2019-11-01,Hall,1.0
2019-11-01,Hamilton,1.0
2019-11-01,Hansford,0.0
2019-11-01,Hardeman,0.0
2019-11-01,Hardin,4.0
2019-11-01,Harris,102.0
2019-11-01,Harrison,3.0
2019-11-01,Hartley,0.0
2019-11-01,Haskell,1.0
2019-11-01,Hays,6.0
2019-11-01,Hemphill,0.0
2019-11-01,Henderson,5.0
2019-11-01,Hidalgo,19.0
2019-11-01,Hill,3.0
2019-11-01,Hockley,2.0
2019-11-01,Hood,4.0
2019-11-01,Hopkins,4.0
2019-11-01,Houston,1.0
2019-11-01,Howard,2.0
2019-11-01,Hudspeth,0.0
2019-11-01,Hunt,4.0
2019-11-01,Hutchinson,1.0
2019-11-01,Irion,0.0
2019-11-01,Jack,1.0
2019-11-01,Jackson,2.0
2019-11-01,Jasper,3.0
2019-11-01,Jeff Davis,0.0
2019-11-01,Jefferson,7.0
2019-11-01,Jim Hogg,1.0
2019-11-01,Jim Wells,2.0
2019-11-01,Johnson,8.0
2019-11-01,Jones,0.0
2019-11-01,Karnes,2.0
2019-11-01,Kaufman,3.0
2019-11-01,Kendall,5.0
2019-11-01,Kenedy,0.0
2019-11-01,Kent,0.0
2019-11-01,Kerr,7.0
2019-11-01,Kimble,1.0
2019-11-01,King,0.0
2019-11-01,Kinney,0.0
2019-11-01,Kleberg,2.0
2019-11-01,Knox,1.0
2019-11-01,Lamar,5.0
2019-11-01,Lamb,3.0
2019-11-01,Lampasas,2.0
2019-11-01,La Salle,0.0
2019-11-01,Lavaca,2.0
2019-11-01,Lee,2.0
2019-11-01,Leon,1.0
2019-11-01,Liberty,4.0
2019-11-01,Limestone,2.0
2019-11-01,Lipscomb,0.0
2019-11-01,Live Oak,1.0
2019-11-01,Llano,1.0
2019-11-01,Loving,0.0
2019-11-01,Lubbock,7.0
2019-11-01,Lynn,1.0
2019-11-01,McCulloch,0.0
2019-11-01,McLennan,11.0
2019-11-01,McMullen,0.0
2019-11-01,Madison,0.0
2019-11-01,Marion,1.0
2019-11-01,Martin,1.0
2019-11-01,Mason,0.0
2019-11-01,Matagorda,2.0
2019-11-01,Maverick,2.0
2019-11-01,Medina,5.0
2019-11-01,Menard,1.0
2019-11-01,Midland,3.0
2019-11-01,Milam,1.0
2019-11-01,Mills,0.0
2019-11-01,Mitchell,0.0
2019-11-01,Montague,1.0
2019-11-01,Montgomery,9.0
2019-11-01,Moore,1.0
2019-11-01,Morris,1.0
2019-11-01,Motley,0.0
2019-11-01,Nacogdoches,7.0
2019-11-01,Navarro,4.0
2019-11-01,Newton,0.0
2019-11-01,Nolan,2.0
2019-11-01,Nueces,13.0
2019-11-01,Ochiltree,0.0
2019-11-01,Oldham,0.0
2019-11-01,Orange,3.0
2019-11-01,Palo Pinto,2.0
2019-11-01,Panola,2.0
2019-11-01,Parker,8.0
2019-11-01,Parmer,1.0
2019-11-01,Pecos,2.0
2019-11-01,Polk,4.0
2019-11-01,Potter,6.0
2019-11-01,Presidio,0.0
2019-11-01,Rains,1.0
2019-11-01,Randall,3.0
2019-11-01,Reagan,0.0
2019-11-01,Real,0.0
2019-11-01,Red River,2.0
2019-11-01,Reeves,0.0
2019-11-01,Refugio,0.0
2019-11-01,Roberts,0.0
2019-11-01,Robertson,2.0
2019-11-01,Rockwall,4.0
2019-11-01,Runnels,3.0
2019-11-01,Rusk,3.0
2019-11-01,Sabine,1.0
2019-11-01,San Augustine,3.0
2019-11-01,San Jacinto,1.0
2019-11-01,San Patricio,2.0
2019-11-01,San Saba,0.0
2019-11-01,Schleicher,0.0
2019-11-01,Scurry,3.0
2019-11-01,Shackelford,0.0
2019-11-01,Shelby,3.0
2019-11-01,Sherman,0.0
2019-11-01,Smith,12.0
2019-11-01,Somervell,2.0
2019-11-01,Starr,2.0
2019-11-01,Stephens,1.0
2019-11-01,Sterling,1.0
2019-11-01,Stonewall,1.0
2019-11-01,Sutton,0.0
2019-11-01,Swisher,2.0
2019-11-01,Tarrant,63.0
2019-11-01,Taylor,7.0
2019-11-01,Terrell,0.0
2019-11-01,Terry,2.0
2019-11-01,Throckmorton,0.0
2019-11-01,Titus,1.0
2019-11-01,Tom Green,5.0
2019-11-01,Travis,24.0
2019-11-01,Trinity,2.0
2019-11-01,Tyler,2.0
2019-11-01,Upshur,2.0
2019-11-01,Upton,0.0
2019-11-01,Uvalde,3.0
2019-11-01,Val Verde,3.0
2019-11-01,Van Zandt,3.0
2019-11-01,Victoria,4.0
2019-11-01,Walker,4.0
2019-11-01,Waller,0.0
2019-11-01,Ward,2.0
2019-11-01,Washington,2.0
2019-11-01,Webb,4.0
2019-11-01,Wharton,3.0
2019-11-01,Wheeler,1.0
2019-11-01,Wichita,7.0
2019-11-01,Wilbarger,0.0
2019-11-01,Willacy,1.0
2019-11-01,Williamson,13.0
2019-11-01,Wilson,4.0
2019-11-01,Winkler,0.0
2019-11-01,Wise,2.0
2019-11-01,Wood,2.0
2019-11-01,Yoakum,2.0
2019-11-01,Young,2.0
2019-11-01,Zapata,1.0
2019-11-01,Zavala,0.0
